,Siruta,Localitate,ValoareAdaugate
0,32768,Budesti,0.0
1,49153,Sahateni,0.0
2,57350,Cojocna,1685412.0
3,90119,Lunca Cernii De Jos,3660.0
4,73736,Poiana Mare,3022374.0
5,147465,Bunesti,87595.0
6,155662,Bara,0.0
7,139287,Valea Vinului,16495008.0
8,114710,Oras Ludus,367775145.0
9,122908,Grumazesti,11472664.0
10,131103,Oras Breaza,109898131.0
11,40991,Fundata,3550.0
12,98337,Plugari,40273.0
13,8229,Vadu Motilor,1443175.0
14,16427,Dobresti,1085569.0
15,32811,Caianu Mic,358640.0
16,73772,Predesti,0.0
17,172082,Pausesti-Maglasi,13843229.0
18,49206,Sapoca,84132.0
19,24631,Poduri,283077.0
20,163903,Gagesti,247761.0
21,106559,Municipiul Sighetu Marmatiei,463714879.0
22,139330,Vama,3977868.0
23,81987,Schela,0.0
24,98373,Oras Podu Iloaiei,8587413.0
25,147526,Cacica,30130086.0
26,16454,Domnesti,1610264.0
27,65609,Oras Fieni,5107699.0
28,122953,Hangu,28533481.0
29,41033,Halchiu,10249014.0
30,155724,Beba Veche,395514.0
31,49233,Sarulesti,0.0
32,16472,Dragoslavele,14431537.0
33,139358,Vetis,688546922.0
34,90208,Luncoiu De Jos,4740234.0
35,57449,Cornesti,296487.0
36,65645,Motaieni,0.0
37,155760,Becicherecu Mic,7630648.0
38,32884,Cetate,65947788.0
39,114809,Municipiul Reghin,957462883.0
40,16506,Draganu,139972.0
41,172153,Perisani,0.0
42,73852,Radovan,1012456.0
43,106620,Sarasau,6414647.0
44,163967,Gherghesti,0.0
45,82047,Slivilesti,0.0
46,147580,Calafindesti,466091.0
47,41088,Harman,132005956.0
48,139394,Viile Satu Mare,563692.0
49,98435,Popesti,2723824.0
50,123013,Icusesti,0.0
51,24711,Racova,968522.0
52,131210,Oras Busteni,4746572.0
53,65681,Oras Gaesti,58681126.0
54,90262,Martinesti,0.0
55,155797,Belint,3429093.0
56,41113,Harseni,5048303.0
57,106648,Vadu Izei,11456195.0
58,49313,Scortoasa,25800.0
59,8354,Valea Lunga,0.0
60,16551,Godeni,3051806.0
61,114854,Oras Sovata,110163133.0
62,65707,Gura Foii,1433929.0
63,73905,Rast,0.0
64,147633,Oras Cajvana,13561025.0
65,131256,Municipiul Campina,1651464607.0
66,32955,Ciceu-Giurgesti,0.0
67,106684,Oras Baia Sprie,126139344.0
68,24766,Racaciuni,2310602.0
69,73923,Robanesti,2215527.0
70,155840,Bethausen,13179.0
71,98505,Popricani,2502418.0
72,131274,Poiana Campina,4231271.0
73,57546,Dabaca,92680.0
74,147660,Ilisesti,610725.0
75,41177,Hoghiz,403451.0
76,65752,Petresti,1369851.0
77,82136,Stanesti,450433.0
78,164062,Garceni,0.0
79,123102,Ion Creanga,1300989.0
80,16613,Harsesti,13047.0
81,90342,Orastioara De Sus,33630.0
82,8425,Vidra,1297054.0
83,114925,Municipiul Tarnaveni,71000606.0
84,57582,Feleacu,7210084.0
85,172279,Pesceana,0.0
86,33015,Chiochis,213063.0
87,106746,Oras Borsa,42180549.0
88,147713,Carlibaba,414513.0
89,24837,Rachitoasa,145158.0
90,155911,Biled,19760433.0
91,131336,Oras Comarnic,13088920.0
92,73996,Sadova,112778.0
93,16659,Hartiesti,0.0
94,114970,Acatari,6652188.0
95,49439,Scutelnici,3286799.0
96,106782,Oras Cavnic,5567694.0
97,41248,Homorod,0.0
98,123175,Margineni,376998.0
99,164133,Grivita,117022.0
100,98603,Prisacani,185663.0
101,57644,Fizesu Gherlii,0.0
102,74028,Salcuta,0.0
103,65841,Municipiul Moreni,38991838.0
104,172340,Pietrari,14742361.0
105,155957,Barna,0.0
106,90431,Pestisu Mic,6280714.0
107,106817,Oras Targu Lapus,451736216.0
108,82243,Stejari,849515.0
109,41284,Jibert,195901.0
110,147786,Cornu Luncii,52506389.0
111,49484,Siriu,824084.0
112,65869,Iedera,19720.0
113,131407,Oras Mizil,192765350.0
114,74073,Scaesti,0.0
115,98649,Probota,3504.0
116,172377,Popesti,60311.0
117,123228,Moldoveni,0.0
118,33122,Chiuza,1778575.0
119,16739,Izvoru,0.0
120,164197,Hoceni,0.0
121,57706,Floresti,107445360.0
122,131443,Oras Plopeni,39232408.0
123,16757,Leordeni,5320207.0
124,123255,Oniceni,237786.0
125,98685,Raducaneni,1508210.0
126,74108,Seaca De Camp,0.0
127,65921,Oras Pucioasa,277753632.0
128,156035,Bogda,0.0
129,41346,Lisa,865737.0
130,115076,Adamus,613261.0
131,131461,Dumbravesti,1734711.0
132,49545,Smeeni,653193.0
133,82314,Stoina,23146.0
134,57742,Frata,1041406.0
135,74135,Seaca De Padure,0.0
136,33177,Cosbuc,229029.0
137,41382,Maierus,20971586.0
138,24999,Rosiori,105130.0
139,90538,Pui,4399049.0
140,172457,Prundeni,1598827.0
141,147884,Crucea,215170.0
142,33202,Dumitra,230863.0
143,98738,Romanesti,0.0
144,164277,Dimitrie Cantemir,0.0
145,74171,Secu,0.0
146,139704,Municipiul Zalau,2297498320.0
147,156106,Boldur,193890.0
148,41417,Mandra,90139772.0
149,115147,Alunis,1222797.0
150,131540,Oras Sinaia,44295589.0
151,98774,Ruginoasa,2132122.0
152,66009,Branesti,4047037.0
153,49625,Stalpu,3430347.0
154,82396,Telesti,0.0
155,139740,Oras Cehu Silvaniei,103974760.0
156,172509,Racovita,721128.0
157,33248,Feldru,4884978.0
158,106979,Oras Viseu De Sus,132391295.0
159,147937,Darmanesti,9219948.0
160,57831,Geaca,0.0
161,123371,Pastraveni,3822975.0
162,49643,Tisau,0.0
163,25068,Sascut,6829010.0
164,115183,Apold,514880.0
165,74224,Silistea Crucii,0.0
166,164339,Iana,0.0
167,156151,Brestovat,0.0
168,107001,Ardusat,54224800.0
169,33275,Galatii Bistritei,1375383.0
170,131577,Oras Slanic,112888.0
171,41471,Moieciu,543752.0
172,82430,Oras Tismana,6317607.0
173,74242,Sopot,0.0
174,98827,Schitu Duca,189800.0
175,16908,Leresti,6100713.0
176,66081,Oras Titu,56272715.0
177,123424,Petricani,6428097.0
178,139811,Oras Jibou,113232984.0
179,148006,Oras Dolhasca,2450765.0
180,115236,Atintis,182156.0
181,90663,Rapoltu Mare,2057174.0
182,107047,Arinis,3413868.0
183,131620,Oras Urlati,280742062.0
184,172581,Roesti,4370.0
185,164393,Ivanesti,224075.0
186,57902,Gilau,64518478.0
187,16944,Lunca Corbului,13227848.0
188,156213,Carpinis,42129765.0
189,33337,Ilva Mare,384996.0
190,25148,Sanduleni,405927.0
191,41541,Ormenis,0.0
192,107083,Asuaju De Sus,47469.0
193,74322,Teasc,20971.0
194,33364,Ilva Mica,18565156.0
195,123479,Piatra Soimului,4050947.0
196,57948,Garbau,526213.0
197,156259,Cenad,404902.0
198,90725,Rachitova,0.0
199,98916,Scanteia,240459.0
200,33382,Josenii Bargaului,3545666.0
201,49769,Topliceni,27602289.0
202,66152,Branistea,0.0
203,41578,Parau,90138.0
204,115307,Bahnea,1465383.0
205,139884,Oras Simleu Silvaniei,83688215.0
206,107118,Baita De Sub Codru,5717456.0
207,74359,Terpezita,1263886.0
208,156277,Cenei,1667569.0
209,8826,Vintu De Jos,11646213.0
210,82555,Turburea,118302.0
211,123521,Pipirig,881763.0
212,148097,Dolhesti,1851872.0
213,25228,Saucesti,938033.0
214,107154,Baiut,342426.0
215,41621,Poiana Marului,133648950.0
216,156311,Cheveresu Mare,2401438.0
217,66198,Baleni,12870207.0
218,58008,Iara,987647.0
219,172698,Rosiile,0.0
220,17049,Malureni,5872949.0
221,33435,Lechinta,8072352.0
222,148131,Dorna-Arini,24454310.0
223,139937,Agrij,0.0
224,74411,Teslui,0.0
225,66223,Barbuletu,0.0
226,90805,Ribita,0.0
227,98998,Scobinti,1222238.0
228,107190,Basesti,0.0
229,82617,Oras Turceni,0.0
230,49849,Tintesti,2409222.0
231,115389,Band,2628221.0
232,164543,Ivesti,124576.0
233,41667,Prejmer,140155294.0
234,156357,Oras Ciacova,270812.0
235,25291,Scorteni,1291528.0
236,139982,Almasu,0.0
237,17101,Merisani,1407357.0
238,123601,Pangarati,27587354.0
239,107234,Bicaz,0.0
240,41701,Racos,428910.0
241,49894,Ulmeni,219213.0
242,148202,Dorna Candrenilor,196154987.0
243,33514,Lesu,557832.0
244,131817,Oras Valenii De Munte,339515772.0
245,99058,Sinesti,0.0
246,164598,Laza,0.0
247,82680,Tantareni,19245.0
248,131835,Gura Vitioarei,286893.0
249,90878,Rau De Mori,56992.0
250,33541,Livezile,16406447.0
251,107270,Bistra,4605514.0
252,41738,Recea,28485.0
253,74509,Tuglui,100806.0
254,172812,Runcu,145915.0
255,25362,Secuieni,0.0
256,156437,Comlosu Mare,153909.0
257,66330,Bezdead,2039936.0
258,123674,Podoleni,215502.0
259,99101,Siretel,931985.0
260,58142,Iclod,5144253.0
261,49956,Vadu Pasii,697847.0
262,74536,Unirea,0.0
263,82733,Urdari,431248.0
264,107314,Barsana,2483664.0
265,140084,Babeni,0.0
266,17209,Micesti,138737120.0
267,131899,Adunati,31924.0
268,9019,Cut,138834.0
269,74554,Urzicuta,0.0
270,156473,Costeiu,1036714.0
271,123709,Poienari,0.0
272,115520,Batos,872965.0
273,9026,Bucerdea Granoasa,1263165.0
274,33603,Lunca Ilvei,143379366.0
275,148293,Dornesti,694888.0
276,164687,Lipovat,0.0
277,74581,Valea Stanciului,534065.0
278,33621,Maieru,14107675.0
279,107350,Bocicoiu Mare,3484790.0
280,41818,Sercaia,6570627.0
281,82779,Vagiulesti,0.0
282,58204,Izvoru Crisului,32565.0
283,99165,Stolniceni-Prajescu,296248.0
284,172894,Salatrucel,1279.0
285,131933,Albesti-Paleologu,9913721.0
286,66401,Bilciuresti,0.0
287,17254,Mihaesti,5497978.0
288,50022,Valea Ramnicului,4393257.0
289,148328,Dragoiesti,0.0
290,140146,Balan,37823.0
291,90994,Romos,1206478.0
292,156534,Criciova,2646875.0
293,115575,Bagaciu,128102.0
294,74616,Vela,329953.0
295,33658,Matei,22387.0
296,41854,Sinca,3242055.0
297,66438,Buciumeni,178936.0
298,99209,Strunga,336845.0
299,107403,Bogdan Voda,158101.0
300,82831,Vladimir,2331285.0
301,123790,Poiana Teiului,17195200.0
302,164749,Lunca Banului,372734.0
303,25488,Solont,26500.0
304,115600,Bala,0.0
305,172947,Scundu,0.0
306,58259,Jucu,263035481.0
307,50068,Valea Salciei,1439248.0
308,131988,Alunis,31699.0
309,148382,Draguseni,0.0
310,107430,Boiu Mare,19875671.0
311,132011,Apostolache,0.0
312,66474,Bucsani,600868.0
313,91054,Sarmizegetusa,263756.0
314,156589,Curtea,0.0
315,25521,Stanisesti,26688.0
316,140208,Banisor,0.0
317,115637,Balauseri,33697984.0
318,17334,Mioarele,77945.0
319,50102,Vernesti,17949133.0
320,33729,Magura Ilvei,0.0
321,172992,Sinesti,17708.0
322,41925,Sanpetru,298892931.0
323,58311,Luna,399817.0
324,148426,Dumbraveni,14702161.0
325,156623,Darova,8845487.0
326,82895,Oras Rovinari,5953559.0
327,74705,Verbita,0.0
328,140244,Benesat,0.0
329,41943,Soars,0.0
330,99290,Scheia,0.0
331,107485,Botiza,283057.0
332,66526,Candesti,20039.0
333,164829,Malusteni,0.0
334,33765,Mariselu,301484.0
335,148453,Fantanele,18696.0
336,132075,Aricestii Rahtivani,274688273.0
337,74732,Vartop,0.0
338,91116,Salasu De Sus,1429245.0
339,58357,Maguri-Racatau,7293.0
340,17398,Mirosi,0.0
341,1017,Municipiul Alba Iulia,1000535849.0
342,140280,Bobota,17268467.0
343,115708,Beica De Jos,7053263.0
344,107519,Budesti,965015.0
345,74750,Varvoru De Jos,0.0
346,156669,Denta,0.0
347,173061,Slatioara,0.0
348,123914,Raucesti,3493815.0
349,17423,Moraresti,4176585.0
350,42003,Tarlungeni,85020402.0
351,66580,Cobia,94603.0
352,58393,Manastireni,228861.0
353,107546,Calinesti,1408.0
354,25629,Strugari,0.0
355,164892,Miclesti,0.0
356,148514,Forasti,4078401.0
357,140324,Bocsa,857789.0
358,156712,Dudestii Vechi,3638039.0
359,99370,Sipote,3943353.0
360,132137,Aricestii Zeletin,0.0
361,9262,Municipiul Arad,6849000702.0
362,1071,Ciugud,15611575.0
363,50228,Vintila Voda,248497.0
364,33845,Micestii De Campie,3551047.0
365,115771,Bichis,0.0
366,107582,Cernesti,7628894.0
367,9280,Fantanele,24718183.0
368,123969,Razboieni,14035688.0
369,132164,Baba Ana,0.0
370,42058,Teliu,4016155.0
371,164936,Muntenii De Jos,575450.0
372,173132,Stanesti,164202.0
373,17496,Mosoaia,7932127.0
374,33881,Milas,93606.0
375,140379,Buciumi,1790154.0
376,74842,Catane,42133.0
377,25692,Tamasi,1127349.0
378,42076,Ticusu,5603705.0
379,156767,Dumbrava,319406.0
380,58464,Margau,1442389.0
381,91232,Santamaria-Orlea,2373721.0
382,74859,Carcea,120387437.0
383,99441,Tansa,0.0
384,115824,Bogata,3304779.0
385,74867,Carna,174692.0
386,9333,Livada,31160610.0
387,42101,Ucea,134659972.0
388,164981,Oras Murgeni,8568171.0
389,74875,Cotofenii Din Fata,0.0
390,124028,Rediu,235919.0
391,1151,Oras Abrud,4503549.0
392,132226,Balta Doamnei,0.0
393,74883,Dobrotesti,54.0
394,156801,Oras Faget,277406764.0
395,148612,Oras Frasin,9793001.0
396,66697,Cojasca,314688.0
397,74891,Galiciuica,0.0
398,115851,Breaza,39778014.0
399,107662,Cicarlau,30462451.0
400,9360,Sofronea,22067679.0
401,25745,Tatarasti,0.0
402,50326,Viperesti,0.0
403,99478,Tatarusi,0.0
404,74907,Ghidici,0.0
405,140440,Camar,1627283.0
406,33952,Monor,59247381.0
407,74915,Ghindeni,0.0
408,58534,Marisel,122672.0
409,17575,Mozaceni,4125365.0
410,124073,Romani,0.0
411,66731,Comisani,428384.0
412,74923,Intorsura,0.0
413,42156,Ungra,16300.0
414,173230,Stoenesti,1547936.0
415,132271,Baltesti,1099263.0
416,74931,Plesoi,0.0
417,9397,Vladimirescu,19422693.0
418,58552,Mintiu Gherlii,688210.0
419,115897,Brancovenesti,1796058.0
420,148667,Fratautii Noi,3769279.0
421,83133,Municipiul Odorheiu Secuiesc,790396705.0
422,1213,Municipiul Aiud,201056681.0
423,140477,Carastelec,1136932.0
424,107715,Campulung La Tisa,22189193.0
425,91330,Soimus,2551393.0
426,74949,Rojiste,439960.0
427,33989,Nimigea,5773.0
428,42183,Vama Buzaului,14419813.0
429,74956,Talpas,119461.0
430,83151,Bradesti,22582614.0
431,165069,Oltenesti,3352675.0
432,66768,Contesti,183495.0
433,99539,Todiresti,0.0
434,17619,Musatesti,4042859.0
435,107733,Copalnic-Manastur,1421682.0
436,124117,Oras Roznov,3969536.0
437,148694,Fratautii Vechi,2104437.0
438,140501,Chiesd,908060.0
439,132315,Banesti,9464865.0
440,50399,Valcelele,7401644.0
441,25825,Targu Trotus,59060083.0
442,50415,Zarnesti,2382618.0
443,9459,Oras Chisineu-Cris,535216255.0
444,132342,Bertea,53115.0
445,115959,Ceuasu De Campie,16365362.0
446,124153,Sagna,0.0
447,148729,Frumosu,9123246.0
448,42236,Vistea,119422.0
449,83197,Feliceni,5305964.0
450,156927,Fardea,0.0
451,58623,Mociu,0.0
452,140547,Cizer,506233.0
453,25861,Traian,8302145.0
454,165130,Osesti,0.0
455,99600,Trifesti,1929643.0
456,9495,Oras Curtici,856366950.0
457,132379,Boldesti-Gradistea,0.0
458,34075,Nuseni,488390.0
459,148765,Fundu Moldovei,8585980.0
460,140583,Coseiu,5539.0
461,66857,Corbii Mari,6827660.0
462,50479,Ziduri,1601575.0
463,124206,Sabaoani,22687297.0
464,91447,Tomesti,0.0
465,132404,Brebu,3619824.0
466,173374,Stoilesti,73772.0
467,17726,Negrasi,0.0
468,9538,Oras Ineu,20801460.0
469,42307,Voila,9126071.0
470,165185,Padureni,184351.0
471,1348,Municipiul Blaj,568715533.0
472,124233,Secuieni,0.0
473,25932,Ungureni,0.0
474,157004,Foeni,0.0
475,116046,Chetani,0.0
476,140627,Crasna,15988008.0
477,99673,Tibana,12561.0
478,75098,Municipiul Galati,5949413127.0
479,107868,Coroieni,2896486.0
480,58721,Moldovenesti,0.0
481,157031,Gavojdia,1525069.0
482,9574,Oras Lipova,178395085.0
483,132459,Calugareni,0.0
484,17771,Nucsoara,0.0
485,34155,Parva,0.0
486,75114,Sendreni,3414736.0
487,50549,Unguriu,0.0
488,83320,Municipiul Miercurea Ciuc,280950510.0
489,34173,Petru Rares,1556553.0
490,140672,Creaca,15300.0
491,50564,Florica,0.0
492,132486,Carbunesti,439830.0
493,66955,Cornatelu,0.0
494,148872,Galanesti,16707399.0
495,91535,Toplita,0.0
496,75150,Vanatori,188394011.0
497,107920,Cupseni,1651817.0
498,165274,Perieni,0.0
499,9627,Oras Nadlac,17779374.0
500,132510,Ceptura,83549150.0
501,157086,Oras Gataia,30823016.0
502,42398,Vulcan,5228701.0
503,116126,Chiheru De Jos,488074.0
504,17824,Oarja,8964556.0
505,58794,Palatca,0.0
506,124331,Stanita,0.0
507,26029,Urechesti,2034030.0
508,83375,Pauleni-Ciuc,2169931.0
509,1455,Oras Campeni,51264791.0
510,9654,Oras Pancota,31342728.0
511,148916,Gramesti,109859.0
512,17851,Pietrosani,48337821.0
513,34235,Prundu Bargaului,6920786.0
514,75203,Municipiul Tecuci,52256051.0
515,99780,Tibanesti,2883111.0
516,107975,Desesti,9886002.0
517,67014,Cornesti,1972183.0
518,116171,Coroisanmartin,95037.0
519,42449,Sinca Noua,0.0
520,75221,Draganesti,1951094.0
521,34262,Rebra,145234.0
522,42456,Crizbav,0.0
523,9690,Oras Sebis,81857325.0
524,165336,Poienesti,0.0
525,132574,Cerasu,485660.0
526,173533,Stroesti,447641.0
527,42464,Sambata De Sus,1313817.0
528,140770,Cristolt,64902.0
529,26083,Valea Seaca,0.0
530,83428,Oras Baile Tusnad,124950.0
531,34280,Rebrisoara,5295175.0
532,42472,Holbav,490640.0
533,58856,Panticeu,434695.0
534,148970,Granicesti,0.0
535,91624,Totesti,0.0
536,42480,Dragus,5470570.0
537,108017,Oras Dragomiresti,1209190.0
538,17913,Poienarii De Arges,2164701.0
539,124411,Stefan Cel Mare,1117207.0
540,75258,Munteni,711355.0
541,116224,Cozma,0.0
542,42498,Augustin,0.0
543,108035,Dumbravita,166419641.0
544,26118,Vultureni,2050.0
545,83464,Oras Balan,14642351.0
546,157193,Ghizela,0.0
547,9743,Almas,1121292.0
548,140823,Criseni,34270647.0
549,34333,Rodna,16717345.0
550,173597,Sutesti,2468788.0
551,83491,Oras Borsec,567407802.0
552,58918,Petrestii De Jos,1646524.0
553,99879,Tiganasi,280916.0
554,132645,Chiojdeanca,0.0
555,91688,Turdas,0.0
556,165416,Pogana,0.0
557,17968,Poienarii De Muscel,152195.0
558,67121,Costestii Din Vale,62334.0
559,34360,Romuli,18295098.0
560,149049,Horodniceni,6776846.0
561,157246,Giarmata,8059884.0
562,116288,Craciunesti,222532.0
563,83525,Oras Cristuru Secuiesc,72431853.0
564,9798,Apateu,1516455.0
565,140869,Cuzaplac,0.0
566,75338,Oras Beresti,440316.0
567,108106,Farcasa,9362063.0
568,132681,Ciorani,349471.0
569,124493,Tarcau,96390629.0
570,91731,General Berthelot,0.0
571,99922,Tutora,0.0
572,157273,Giera,332011.0
573,165470,Puiesti,0.0
574,34397,Salva,129569.0
575,75356,Beresti-Meria,49472.0
576,67167,Crangurile,28762819.0
577,50790,Municipiul Resita,966369695.0
578,9832,Archis,84303.0
579,83561,Municipiul Gheorgheni,160081057.0
580,18028,Poiana Lacului,7644837.0
581,58990,Ploscos,159319.0
582,132716,Cocorastii Mislii,3775119.0
583,149101,Horodnic De Jos,69936328.0
584,173686,Sirineasa,0.0
585,116340,Craiesti,0.0
586,34422,Silivasu De Campie,0.0
587,108151,Giulesti,1431988.0
588,99968,Valea Seaca,58953.0
589,157317,Giulvaz,8681689.0
590,149138,Iacobeni,2565131.0
591,91795,Vata De Jos,15473440.0
592,124563,Tasca,401426.0
593,132752,Colceag,1832217.0
594,140958,Dobrin,89346.0
595,9887,Bata,2094537.0
596,1696,Oras Cugir,636241860.0
597,59041,Poieni,2460560.0
598,100004,Victoria,0.0
599,116395,Cucerdea,2449491.0
600,34477,Sanmihaiu De Campie,60447.0
601,108204,Ieud,275179.0
602,157362,Jamu Mare,0.0
603,26289,Zemes,1341873.0
604,83632,Municipiul Toplita,62083166.0
605,173748,Stefanesti,3707894.0
606,67256,Darmanesti,4152925.0
607,42682,Municipiul Braila,1059146467.0
608,149183,Izvoarele Sucevei,2655430.0
609,108222,Lapus,914455.0
610,132805,Cornu,90887089.0
611,50889,Oras Anina,6671085.0
612,124616,Tazlau,560489.0
613,9930,Beliu,0.0
614,26320,Sarata,12217396.0
615,75472,Oras Targu Bujor,3153680.0
616,108240,Leordina,5487352.0
617,42708,Chiscani,22547818.0
618,116439,Cuci,0.0
619,124634,Tamaseni,6529137.0
620,67292,Dobra,8578.0
621,141027,Dragu,10129.0
622,26338,Buciumi,0.0
623,173793,Susani,302556.0
624,149227,Oras Liteni,2931862.0
625,165611,Pungesti,0.0
626,26346,Gioseni,0.0
627,50923,Oras Baile Herculane,3968103.0
628,132841,Cosminele,1583403.0
629,108268,Miresu Mare,4235300.0
630,26353,Odobesti,0.0
631,18162,Popesti,0.0
632,157424,Jebel,3582155.0
633,34547,Spermezeu,0.0
634,124661,Timisesti,110615.0
635,100086,Vanatori,1202572.0
636,26361,Prajesti,3032182.0
637,59130,Recea-Cristur,0.0
638,75515,Barcea,210221.0
639,67327,Dragodana,2041764.0
640,42753,Oras Faurei,173535.0
641,1794,Oras Ocna Mures,11492118.0
642,157451,Lenauheim,132503.0
643,26379,Itesti,3600.0
644,116493,Danes,4656631.0
645,42771,Surdila-Greci,0.0
646,10006,Birchis,1182984.0
647,75542,Balabanesti,0.0
648,50969,Oras Bocsa,81735132.0
649,141081,Fildu De Jos,79427.0
650,173855,Tetoiu,0.0
651,91937,Valisoara,0.0
652,132896,Drajna,22640876.0
653,83749,Oras Vlahita,7517456.0
654,149290,Marginea,23904335.0
655,50987,Ocna De Fier,0.0
656,124723,Trifesti,136517.0
657,100148,Vladeni,0.0
658,34618,Sant,13006400.0
659,157497,Liebling,31569680.0
660,108348,Moisei,28278305.0
661,116545,Deda,7257050.0
662,18242,Priboieni,254967.0
663,51010,Municipiul Caransebes,254052736.0
664,10051,Barsa,0.0
665,149316,Malini,25938443.0
666,42824,Baraganul,0.0
667,83785,Atid,702604.0
668,141134,Galgau,1918667.0
669,67407,Dragomiresti,487801.0
670,91982,Vetel,115928226.0
671,108366,Oarta De Jos,0.0
672,124750,Tupilati,0.0
673,1874,Municipiul Sebes,3783989414.0
674,34645,Sieu,126440.0
675,165719,Rebricea,0.0
676,157530,Lovrin,486086.0
677,42842,Bertestii De Jos,0.0
678,75613,Balasesti,0.0
679,59238,Risca,2064323.0
680,173935,Tomsani,2667263.0
681,116590,Eremitu,5998690.0
682,51056,Oras Moldova Noua,95509458.0
683,108400,Ocna Sugatag,2418555.0
684,10104,Barzava,0.0
685,149370,Manastirea Humorului,2172272.0
686,100219,Voinesti,342976.0
687,34690,Sieu-Magherus,5948962.0
688,124803,Tibucani,182382.0
689,83847,Avramesti,7420.0
690,67470,Finta,0.0
691,1936,Oras Zlatna,98077860.0
692,59283,Sacuieu,760109.0
693,157585,Margina,460180.0
694,75668,Baleni,0.0
695,133018,Draganesti,54172.0
696,18331,Ratesti,218388.0
697,42913,Bordei Verde,214180.0
698,149414,Moara,6913963.0
699,108455,Petrova,5102072.0
700,75686,Baneasa,0.0
701,116652,Ernei,1443464.0
702,51118,Oras Oravita,28197587.0
703,100273,Bals,0.0
704,124849,Urecheni,4173083.0
705,141232,Garbou,9643.0
706,108473,Poienile De Sub Munte,757542.0
707,100282,Costesti,470718.0
708,165817,Rosiesti,67223948.0
709,75711,Branistea,338945.0
710,59327,Savadisla,29674920.0
711,92097,Vorta,0.0
712,67522,Glodeni,255346.0
713,26564,Municipiul Oradea,2605274912.0
714,174021,Vaideeni,1175179.0
715,108491,Remetea Chioarului,0.0
716,34770,Sieu-Odorhei,0.0
717,10195,Bocsig,0.0
718,124885,Valea Ursului,0.0
719,100308,Draguseni,147969.0
720,26582,Sanmartin,11779712.0
721,42968,Ciocile,0.0
722,100317,Fantanele,0.0
723,133090,Dumbrava,168350.0
724,83936,Bilbor,14435365.0
725,100326,Harmanesti,22763.0
726,18411,Recea,163789.0
727,100335,Rachiteni,78126582.0
728,157683,Masloc,3290221.0
729,116723,Faragau,393054.0
730,75766,Brahasesti,0.0
731,100344,Roscani,0.0
732,83963,Capalnita,885215.0
733,149502,Moldova-Sulita,2084247.0
734,10239,Brazii,21494.0
735,100353,Valea Lupului,258477769.0
736,141312,Halmasd,0.0
737,51207,Oras Otelu Rosu,45890922.0
738,174085,Valea Mare,0.0
739,108552,Remeti,17850.0
740,165899,Solesti,0.0
741,67595,Gura Ocnitei,19832.0
742,43019,Ciresu,397036.0
743,100362,Ciohorani,1036.0
744,124938,Alexandru Cel Bun,14786462.0
745,83981,Ciucsangeorgiu,8136288.0
746,92177,Zam,1086652.0
747,59416,Sic,5616720.0
748,26653,Santandrei,143475061.0
749,149539,Moldovita,18516273.0
750,34850,Sieut,424964.0
751,59434,Sancraiu,1131167.0
752,75819,Buciumeni,0.0
753,157736,Manastiur,28237239.0
754,18475,Rociu,0.0
755,51243,Armenis,10470363.0
756,133161,Filipestii De Padure,529263786.0
757,10293,Buteni,6776765.0
758,108598,Repedea,598421.0
759,116796,Fantanele,7986290.0
760,43073,Dudesti,165749.0
761,67648,Gura Sutii,5078284.0
762,141376,Hereclean,7422468.0
763,108614,Rona De Jos,0.0
764,26699,Oras Alesd,165362017.0
765,174156,Vladesti,8351149.0
766,2130,Albac,2245866.0
767,149584,Musenita,0.0
768,34903,Sintereag,1928817.0
769,157781,Moravita,2403.0
770,75864,Cavadinesti,0.0
771,108632,Rona De Sus,3755683.0
772,125016,Vanatori-Neamt,38897085.0
773,165979,Stanilesti,1882775.0
774,67675,Hulubesti,95383.0
775,133214,Filipestii De Targ,79856888.0
776,18527,Rucar,32177119.0
777,51305,Bania,2181582.0
778,10346,Carand,106592.0
779,59498,Sanmartin,0.0
780,43117,Frecatei,0.0
781,26742,Astileu,6145590.0
782,84086,Ciumani,73510494.0
783,18554,Salatrucu,2604286.0
784,108669,Rozavlea,1288728.0
785,116867,Galesti,3436735.0
786,51332,Bautar,1980211.0
787,125061,Zanesti,237782.0
788,10373,Cermei,420681.0
789,141447,Hida,70043671.0
790,84102,Carta,6786869.0
791,157834,Mosnita Noua,43242609.0
792,174218,Voicesti,115596.0
793,75917,Certesti,3933.0
794,18581,Sapata,1071864.0
795,149655,Ostra,3336811.0
796,67737,I. L. Caragiale,4081774.0
797,108696,Ruscova,1167922.0
798,133278,Fantanele,874284.0
799,100521,Municipiul Giurgiu,333582554.0
800,34985,Teaca,21008004.0
801,108712,Satulung,92994325.0
802,125098,Dochia,799892.0
803,166057,Stefan Cel Mare,0.0
804,43180,Galbenu,2488758.0
805,174254,Voineasa,12063168.0
806,75953,Corod,1566192.0
807,125105,Ruginoasa,377246.0
808,149682,Panaci,2398959.0
809,10417,Chisindia,1837939.0
810,26804,Municipiul Beius,49048919.0
811,84148,Corbu,3368309.0
812,51387,Berliste,0.0
813,125114,Ghindaoani,0.0
814,67773,Lucieni,1267399.0
815,59586,Sanpaul,395796.0
816,125123,Valeni,385238.0
817,100549,Slobozia,0.0
818,157898,Nadrag,1984630.0
819,116938,Ganesti,471679.0
820,125132,Draganesti,0.0
821,84175,Corund,2451078.0
822,133330,Floresti,45091735.0
823,174290,Zatreni,0.0
824,125141,Pancesti,0.0
825,10453,Conop,0.0
826,26840,Oras Stei,323044090.0
827,141535,Horoatu Crasnei,0.0
828,125150,Gadinti,0.0
829,100576,Oras Buftea,376577974.0
830,157923,Nitchidorf,146381.0
831,76004,Corni,103616.0
832,43242,Gemenele,0.0
833,18670,Schitu Golesti,44854649.0
834,35054,Telciu,18934988.0
835,125169,Negresti,637552.0
836,116983,Gheorghe Doja,1408323.0
837,51449,Berzasca,756864.0
838,67835,Ludesti,0.0
839,108794,Sacalaseni,757956.0
840,125178,Boghicea,604305.0
841,149753,Paltinoasa,6972258.0
842,166137,Suletea,399539.0
843,26877,Municipiul Marghita,114271560.0
844,100610,Municipiul Oltenita,222838787.0
845,2309,Almasu Mare,2636438.0
846,59657,Suatu,277076.0
847,76040,Cosmesti,0.0
848,84237,Danesti,3594786.0
849,141580,Ileanda,3575166.0
850,43279,Gradistea,0.0
851,133394,Fulga,873018.0
852,10514,Covasint,0.0
853,35090,Tiha Bargaului,12842912.0
854,157969,Ohaba Lunga,0.0
855,149780,Partestii De Jos,0.0
856,100638,Mitreni,19803.0
857,10532,Craiva,824761.0
858,166182,Tanacu,124344.0
859,26920,Oras Nucet,734023.0
860,84264,Dealu,22109086.0
861,51500,Berzovia,91941720.0
862,59693,Tritenii De Jos,8526.0
863,43313,Gropeni,156042.0
864,117042,Ghindari,2314789.0
865,18741,Slobozia,0.0
866,133429,Gherghita,0.0
867,158010,Ortisoara,14742954.0
868,43331,Oras Ianca,112017285.0
869,67906,Lunguletu,2708945.0
870,100683,Municipiul Urziceni,475214442.0
871,108874,Sacel,192413.0
872,149833,Patrauti,415266.0
873,2381,Arieseni,89322.0
874,76111,Costache Negri,0.0
875,35152,Tarlisua,6035.0
876,149851,Poiana Stampei,13891610.0
877,166235,Tacuta,0.0
878,18778,Stalpeni,110314.0
879,51546,Bolvasnita,0.0
880,108892,Oras Salistea De Sus,15958933.0
881,26975,Municipiul Salonta,432223048.0
882,100709,Ciocarlia,231000.0
883,67942,Malu Cu Flori,0.0
884,76139,Cuca,0.0
885,158065,Peciu Nou,2690011.0
886,59764,Tureni,4577328.0
887,51573,Bozovici,25779556.0
888,108918,Salsig,6586057.0
889,117113,Glodeni,12573795.0
890,84344,Ditrau,14571079.0
891,76157,Cudalbi,149615.0
892,27007,Oras Vascau,2867294.0
893,100736,Manasia,498037.0
894,133508,Gorgota,7008818.0
895,76175,Draguseni,302665.0
896,108945,Sapanta,878574.0
897,43411,Oras Insuratei,219106.0
898,100754,Adancata,141185.0
899,92569,Municipiul Calarasi,917233460.0
900,141722,Ip,2794844.0
901,10649,Dezna,42103.0
902,84380,Darjiu,163710.0
903,158109,Periam,17427208.0
904,108963,Oras Seini,45175897.0
905,125347,Municipiul Slatina,3742466125.0
906,174496,Titesti,0.0
907,68002,Manesti,207397.0
908,174502,Diculesti,24000.0
909,149931,Pojorata,11410893.0
910,166315,Tatarani,21269.0
911,18858,Stoenesti,9787592.0
912,92587,Modelu,493236.0
913,51626,Brebu,1032990.0
914,100781,Adunatii-Copaceni,7189245.0
915,174511,Lacusteni,0.0
916,59826,Taga,2395825.0
917,117177,Gornesti,5896536.0
918,133562,Gornet,14163918.0
919,158136,Pietroasa,0.0
920,174520,Mitrofani,0.0
921,27070,Abram,14341675.0
922,84415,Frumoasa,2717996.0
923,125374,Slatioara,21699092.0
924,35269,Uriu,605357.0
925,43466,Jirlau,8023945.0
926,109005,Stramtura,0.0
927,10701,Dieci,0.0
928,51662,Brebu Nou,0.0
929,68048,Matasaru,0.0
930,149968,Preutesti,232827.0
931,141786,Letca,0.0
932,76255,Fartanesti,519474.0
933,100834,Afumati,352334739.0
934,43493,Marasu,22024.0
935,158181,Pischia,6042029.0
936,59880,Unguras,236603.0
937,125418,Oras Bals,141049230.0
938,84460,Galautas,520756.0
939,133615,Gornet-Cricov,0.0
940,35312,Urmenis,0.0
941,109041,Suciu De Sus,4189232.0
942,51699,Buchin,515532312.0
943,92658,Municipiul Slobozia,1261998142.0
944,100852,Alexeni,0.0
945,18938,Stolnici,289662.0
946,76282,Foltesti,0.0
947,100870,Armasesti,0.0
948,10765,Ususau,150440.0
949,166413,Todiresti,2295443.0
950,2577,Avram Iancu,1223151.0
951,150043,Putna,4471124.0
952,117275,Grebenisu De Campie,0.0
953,76317,Frumusita,584423.0
954,92701,Municipiul Fetesti,22109673.0
955,27169,Abramut,831952.0
956,68128,Mogosani,0.0
957,125472,Municipiul Caracal,256884178.0
958,158243,Racovita,91946.0
959,59942,Vad,1082218.0
960,51751,Bucosnita,0.0
961,109096,Sisesti,574951.0
962,43563,Maxineni,21004196.0
963,125490,Draghiceni,0.0
964,150070,Radaseni,62250.0
965,100923,Axintele,0.0
966,133688,Gura Vadului,36886054.0
967,141884,Lozna,0.0
968,19007,Suseni,273315.0
969,76353,Fundeni,345226.0
970,117319,Gurghiu,13416763.0
971,10827,Felnac,1560039.0
972,27212,Auseu,2016454.0
973,84558,Joseni,33487286.0
974,68182,Moroeni,1260445.0
975,133722,Iordacheanu,27700.0
976,51804,Carasova,562204.0
977,92765,Oras Tandarei,88598628.0
978,150114,Rasca,15354070.0
979,35429,Zagra,360748.0
980,125542,Oras Corabia,6004489.0
981,100969,Balotesti,105704489.0
982,158314,Oras Recas,130931312.0
983,43625,Mircea Voda,17594.0
984,92783,Albesti,72974.0
985,84594,Lazarea,6135764.0
986,76406,Ghidigeni,11160.0
987,10872,Ghioroc,13026217.0
988,141946,Marca,0.0
989,109176,Oras Somcuta Mare,18810598.0
990,60026,Valea Ierii,31810.0
991,51840,Carbunari,0.0
992,166529,Tutova,37540.0
993,43652,Movila Miresii,4405391.0
994,101001,Baneasa,35288.0
995,84629,Lueta,6604420.0
996,27285,Avram Iancu,1430461.0
997,125588,Garcov,30104.0
998,174744,Municipiul Focsani,774419488.0
999,68253,Morteni,0.0
1000,60062,Viisoara,2865951.0
1001,150178,Sadova,20622286.0
1002,133795,Izvoarele,15500476.0
1003,10916,Graniceri,0.0
1004,51877,Constantin Daicoviciu,12262553.0
1005,92836,Oras Amara,8103817.0
1006,19114,Stefan Cel Mare,14833645.0
1007,84656,Lunca De Jos,26568908.0
1008,43698,Racovita,0.0
1009,117426,Hodac,11687509.0
1010,142006,Maeriste,444096.0
1011,150196,Satu Mare,2708338.0
1012,125622,Oras Draganesti-Olt,309463.0
1013,68280,Nucet,3247624.0
1014,158396,Remetea Mare,153198952.0
1015,174780,Campineanca,721656.0
1016,10943,Gurahont,9454733.0
1017,27329,Balc,0.0
1018,101056,Barcanesti,0.0
1019,60099,Vultureni,33865.0
1020,19141,Suici,393991.0
1021,92872,Andrasesti,0.0
1022,150221,Siminicea,0.0
1023,76497,Gohor,2668251.0
1024,109265,Oras Ulmeni,7793702.0
1025,43732,Ramnicelu,156489.0
1026,101083,Belciugatele,30401185.0
1027,125659,Babiciu,0.0
1028,68324,Ocnita,0.0
1029,133866,Jugureni,60000.0
1030,92907,Balaciu,0.0
1031,174824,Golesti,8529381.0
1032,51948,Ciclova Romana,1534814.0
1033,125677,Baldovinesti,3838355.0
1034,166636,Valeni,139456050.0
1035,150258,Slatina,24956936.0
1036,158449,Sacosu Turcesc,2859258.0
1037,27383,Batar,144228.0
1038,68342,Odobesti,0.0
1039,142079,Mesesenii De Jos,7100252.0
1040,117505,Hodosa,17596.0
1041,60169,Negreni,2000.0
1042,43787,Romanu,357976.0
1043,19212,Teiu,7640.0
1044,174860,Municipiul Adjud,233758801.0
1045,76558,Grivita,0.0
1046,51984,Ciuchici,0.0
1047,166672,Vetrisoaia,284328.0
1048,84754,Lunca De Sus,13665431.0
1049,150294,Straja,1874719.0
1050,101145,Berceni,7033345.0
1051,133919,Lapos,0.0
1052,92961,Borcea,1518228.0
1053,43812,Rosiori,246701.0
1054,150310,Stroiesti,1000.0
1055,76585,Independenta,1812.0
1056,142122,Mirsid,338770.0
1057,101163,Bolintin-Deal,1612268.0
1058,109354,Valea Chioarului,201444.0
1059,27436,Biharia,16570284.0
1060,117550,Ibanesti,40451304.0
1061,19249,Tigveni,22981116.0
1062,166707,Viisoara,0.0
1063,11058,Halmagiu,280866.0
1064,68404,Pietrosita,325800.0
1065,76601,Ivesti,34438.0
1066,92989,Bordusani,123431.0
1067,125757,Barasti,0.0
1068,158528,Satchinez,106340907.0
1069,52035,Ciudanovita,0.0
1070,101190,Oras Bolintin-Vale,17514603.0
1071,174922,Oras Marasesti,24473105.0
1072,68431,Poiana,0.0
1073,133964,Lipanesti,4920050.0
1074,150356,Stulpicani,16629475.0
1075,84825,Lupeni,105107055.0
1076,43867,Salcia Tudor,1500.0
1077,93021,Bucu,20713396.0
1078,52062,Copacele,0.0
1079,76638,Jorasti,0.0
1080,2915,Oras Baia De Aries,11476847.0
1081,142177,Napradea,69689.0
1082,158564,Sacalaz,20190069.0
1083,109425,Vima Mica,170790.0
1084,166770,Vinderei,86400.0
1085,27506,Boianu Mare,0.0
1086,68468,Potlogi,85145.0
1087,101243,Brazii,0.0
1088,134014,Magurele,7834766.0
1089,76674,Liesti,31093786.0
1090,19338,Titesti,400297263.0
1091,93067,Oras Cazanesti,478856.0
1092,150418,Sucevita,37705813.0
1093,158608,Secas,0.0
1094,35731,Municipiul Botosani,1329805834.0
1095,52115,Cornea,2504326.0
1096,76692,Matca,68239.0
1097,125846,Barza,0.0
1098,43929,Scortaru Nou,0.0
1099,93085,Ciocanesti,709819.0
1100,142239,Nusfalau,143324281.0
1101,134050,Magureni,68424748.0
1102,117667,Iclanzel,1199883.0
1103,11174,Halmagel,0.0
1104,27560,Borod,4342001.0
1105,175019,Oras Odobesti,104661834.0
1106,2988,Berghin,8580.0
1107,93101,Ciochina,1062836.0
1108,35759,Curtesti,1489387.0
1109,76718,Mastacani,0.0
1110,150445,Saru Dornei,40307992.0
1111,68529,Produlesti,0.0
1112,125873,Bobicesti,0.0
1113,101298,Branesti,501178210.0
1114,84923,Martinis,1610943.0
1115,158653,Sanandrei,20011944.0
1116,19392,Uda,53312.0
1117,52160,Cornereva,0.0
1118,109504,Viseu De Jos,2631889.0
1119,76745,Movileni,0.0
1120,175055,Oras Panciu,51293898.0
1121,142284,Pericei,7884163.0
1122,134096,Maneciu,25039030.0
1123,68565,Pucheni,0.0
1124,166869,Voinesti,0.0
1125,43992,Silistea,0.0
1126,76763,Namoloasa,0.0
1127,101341,Brezoaele,0.0
1128,3039,Bistra,1881530.0
1129,11236,Hasmas,74393.0
1130,93156,Ciulnita,14320901.0
1131,158699,Sanmihaiu Roman,55939513.0
1132,27631,Bors,1063314913.0
1133,150524,Todiresti,286140.0
1134,35839,Rachiti,94885268.0
1135,60419,Municipiul Constanta,1889566811.0
1136,101378,Bucsani,0.0
1137,142337,Plopis,0.0
1138,76807,Nicoresti,789543.0
1139,125962,Brastavatu,1310.0
1140,158733,Sanpetru Mare,0.0
1141,68627,Oras Racari,8917929.0
1142,175126,Andreiasu De Jos,1327688.0
1143,117783,Ideciu De Jos,1310832.0
1144,93209,Cocora,0.0
1145,44060,Stancuta,672402.0
1146,27686,Bratca,991724.0
1147,60455,Oras Eforie,8979912.0
1148,142373,Poiana Blenchii,0.0
1149,11307,Ignesti,4274.0
1150,35884,Stauceni,1272651.0
1151,125999,Brebeni,1291187.0
1152,134194,Manesti,870782.0
1153,93236,Cosambesti,17099.0
1154,158779,Sag,2198435.0
1155,150588,Udesti,298222.0
1156,85056,Meresti,11802.0
1157,60482,Municipiul Mangalia,1076080295.0
1158,117827,Oras Iernut,4371158.0
1159,126022,Brancoveni,3038971.0
1160,166985,Vulturesti,0.0
1161,44113,Surdila-Gaiseanca,416597.0
1162,101458,Oras Budesti,49188005.0
1163,85074,Mihaileni,103525.0
1164,158804,Stiuca,1116664.0
1165,11352,Iratosu,726487.0
1166,142426,Romanasi,292206.0
1167,60507,Oras Navodari,401170355.0
1168,93281,Cuza Voda,55617.0
1169,175206,Balesti,0.0
1170,19560,Ungheni,0.0
1171,35946,Oras Darabani,93458974.0
1172,44140,Sutesti,204436.0
1173,27757,Brusturi,41363.0
1174,68716,Runcu,0.0
1175,60534,Oras Techirghiol,1052775.0
1176,167035,Vutcani,73199.0
1177,175224,Barsesti,2738161.0
1178,126077,Bucinisu,595930.0
1179,76932,Oancea,0.0
1180,11398,Macea,1185042.0
1181,85127,Mugeni,5852257.0
1182,158859,Teremia Mare,499549.0
1183,93325,Dichiseni,0.0
1184,101519,Bulbucata,203104.0
1185,44177,Tichilesti,0.0
1186,126102,Cezieni,157417.0
1187,60570,Agigea,14412511.0
1188,167071,Zapodeni,18910.0
1189,175260,Boghesti,0.0
1190,11423,Misca,344300.0
1191,142499,Rus,121915.0
1192,117925,Livezeni,18254101.0
1193,36006,Municipiul Dorohoi,91435856.0
1194,76969,Pechea,19275267.0
1195,44202,Traian,3367239.0
1196,150702,Ulma,95854.0
1197,158895,Tomesti,4270326.0
1198,19631,Valea Danului,1915473.0
1199,68789,Salcioara,173628.0
1200,60598,23 August,4195563.0
1201,93370,Dor Marunt,1051002.0
1202,101564,Butimanu,0.0
1203,134336,Pacureti,69341.0
1204,76996,Piscu,1199549.0
1205,126148,Cilieni,0.0
1206,27846,Budureasa,5512694.0
1207,109773,Municipiul Drobeta-Turnu Severin,421512404.0
1208,142550,Salatig,0.0
1209,11478,Moneasa,3770465.0
1210,126166,Carlogani,178403.0
1211,60632,Limanu,25116148.0
1212,36060,Oras Saveni,8813960.0
1213,44257,Tudor Vladimirescu,406483.0
1214,77028,Priponesti,448543.0
1215,150766,Vadu Moldovei,3877207.0
1216,11502,Olari,1791462.0
1217,19695,Valea Iasului,4445906.0
1218,117998,Lunca,2254174.0
1219,101617,Buturugeni,88485.0
1220,134390,Plopu,700667.0
1221,158966,Topolovatu Mare,283622.0
1222,85243,Ocland,1056843.0
1223,93441,Dorobantu,34500.0
1224,109826,Simian,838939.0
1225,27908,Buduslau,0.0
1226,167179,Zorleni,881867.0
1227,175368,Bolotesti,2585625.0
1228,44300,Tufesti,0.0
1229,60687,Oras Ovidiu,27076001.0
1230,11539,Paulis,32496290.0
1231,126228,Colonesti,0.0
1232,68887,Selaru,0.0
1233,142612,Sag,12650.0
1234,77082,Rediu,12751646.0
1235,27935,Bulz,1335655.0
1236,101662,Calugareni,1608217.0
1237,36131,Albesti,0.0
1238,44328,Ulmu,504094.0
1239,85289,Plaiesii De Jos,32745.0
1240,134443,Podenii Noi,1625.0
1241,118058,Lunca Bradului,6868362.0
1242,93487,Dragalina,615782.0
1243,60721,Tuzla,999496.0
1244,167222,Ibanesti,0.0
1245,68921,Tatarani,5404988.0
1246,159035,Tormac,2511878.0
1247,167231,Fruntiseni,0.0
1248,11584,Oras Pecica,54634247.0
1249,27971,Buntesti,9603039.0
1250,44355,Unirea,0.0
1251,3397,Blandiana,60375.0
1252,77126,Scanteiesti,0.0
1253,167240,Rafaila,0.0
1254,175439,Bordesti,256631.0
1255,118094,Magherani,209355.0
1256,19793,Vedea,110922.0
1257,142676,Sanmihaiu Almasului,0.0
1258,167259,Pogonesti,0.0
1259,52570,Dalboset,0.0
1260,85341,Praid,14514603.0
1261,101724,Cascioarele,3550.0
1262,159071,Traian Vuia,2921144.0
1263,77153,Schela,1675945.0
1264,93539,Dragos Voda,0.0
1265,109924,Oras Baia De Arama,7387449.0
1266,167268,Ciocani,0.0
1267,44391,Vadeni,8278461.0
1268,60776,Oras Cernavoda,32819649.0
1269,175466,Brosteni,2742390.0
1270,150891,Valea Moldovei,805981.0
1271,36202,Avrameni,3140.0
1272,101742,Cernica,46553019.0
1273,167277,Cozmesti,0.0
1274,68976,Uliesti,0.0
1275,142710,Somes-Odorhei,2263842.0
1276,167286,Dodesti,448832.0
1277,11637,Peregu Mare,0.0
1278,126326,Corbu,1956321.0
1279,77180,Slobozia Conachi,1003891.0
1280,167295,Feresti,117980.0
1281,60801,Oras Harsova,74681589.0
1282,3459,Bucium,142296.0
1283,167302,Muntenii De Sus,399016.0
1284,93575,Facaeni,4887436.0
1285,167311,Pochidia,93506.0
1286,11664,Petris,0.0
1287,44435,Victoria,0.0
1288,150935,Vama,24124934.0
1289,175509,Chiojdeni,0.0
1290,167320,Puscasi,8295.0
1291,134559,Poienarii Burchii,397319.0
1292,93600,Gheorghe Doja,392758.0
1293,159142,Uivar,1032781.0
1294,85412,Remetea,16360541.0
1295,77224,Smardan,38686465.0
1296,52650,Doclin,2151368.0
1297,28077,Cabesti,1171581.0
1298,101804,Chirnogi,203214.0
1299,126380,Coteana,0.0
1300,44462,Visani,227917.0
1301,60847,Municipiul Medgidia,42074449.0
1302,142774,Surduc,12278337.0
1303,93628,Gheorghe Lazar,26404458.0
1304,101822,Chiselet,19311.0
1305,118209,Mica,0.0
1306,69063,Valea Lunga,0.0
1307,150980,Vatra Moldovitei,12320035.0
1308,126406,Crampoia,9743540.0
1309,110027,Obarsia-Closani,25236.0
1310,36300,Baluseni,1374307.0
1311,77260,Smulti,0.0
1312,93646,Giurgeni,1783.0
1313,101840,Ciocanesti,153011.0
1314,60883,Adamclisi,0.0
1315,11735,Pilu,0.0
1316,52696,Dognecea,0.0
1317,44505,Viziru,0.0
1318,85467,Sacel,0.0
1319,126433,Curtisoara,7029015.0
1320,93664,Gradistea,158043.0
1321,175590,Ciorasti,4158792.0
1322,77288,Suceveni,0.0
1323,28139,Capalna,0.0
1324,151022,Veresti,126938.0
1325,110063,Municipiul Orsova,52018477.0
1326,159213,Varias,779531.0
1327,52721,Domasnea,0.0
1328,11762,Plescuta,0.0
1329,44532,Zavoaia,1754.0
1330,134648,Posesti,53820.0
1331,77313,Tudor Vladimirescu,28017654.0
1332,142854,Samsud,0.0
1333,118281,Oras Miercurea Nirajului,10480679.0
1334,101902,Ciolpani,12302909.0
1335,44560,Cazasu,1446683.0
1336,60945,Albesti,13785.0
1337,77331,Tulucesti,5012502.0
1338,93717,Grindu,16995.0
1339,36373,Braesti,0.0
1340,52758,Ezeris,5433293.0
1341,85528,Sarmas,29396934.0
1342,159259,Victor Vlad Delamarina,1019938.0
1343,19999,Vladesti,5181037.0
1344,28193,Carpinet,70250.0
1345,142881,Sarmasag,64728995.0
1346,110116,Oras Strehaia,533900.0
1347,93735,Grivita,19248.0
1348,126503,Cungrea,215274.0
1349,151077,Vicovu De Jos,12251980.0
1350,52785,Farliug,15085.0
1351,69170,Valea Mare,0.0
1352,167473,Municipiul Ramnicu Valcea,2881161478.0
1353,175670,Campuri,2658239.0
1354,151095,Oras Vicovu De Sus,103359112.0
1355,77377,Tepu,3490188.0
1356,11842,Savarsin,0.0
1357,101957,Ciorogarla,1268100.0
1358,36426,Broscauti,0.0
1359,93771,Independenta,0.0
1360,61005,Aliman,0.0
1361,85582,Secuieni,390477.0
1362,20048,Raca,439247.0
1363,151120,Volovat,5721485.0
1364,28246,Cefa,18020480.0
1365,20055,Vulturesti,5506.0
1366,77402,Umbraresti,0.0
1367,20063,Bughea De Sus,0.0
1368,101984,Clejani,0.0
1369,134755,Predeal-Sarari,0.0
1370,118370,Mihesu De Campie,95460.0
1371,36453,Oras Bucecea,834406.0
1372,159339,Voiteg,6624514.0
1373,142952,Valcau De Jos,826156.0
1374,93815,Jegalia,77626.0
1375,175732,Carligele,685104.0
1376,151157,Vulturesti,0.0
1377,52856,Forotic,0.0
1378,126585,Daneasa,0.0
1379,85626,Siculeni,12535390.0
1380,69250,Vacaresti,3120145.0
1381,159366,Birda,179929.0
1382,61069,Oras Baneasa,2361012.0
1383,159375,Checea,0.0
1384,102035,Clinceni,404410265.0
1385,36499,Calarasi,2301783.0
1386,110232,Oras Vanju Mare,10055066.0
1387,93851,Lehliu,0.0
1388,159384,Dudestii Noi,6502023.0
1389,77475,Valea Marului,968.0
1390,159393,Fibis,1202.0
1391,11940,Secusigiu,0.0
1392,175787,Corbita,51595.0
1393,159400,Ghilad,0.0
1394,52909,Garnic,83151.0
1395,28335,Ceica,828443.0
1396,143021,Varsolt,0.0
1397,3761,Cenade,0.0
1398,85680,Sancraieni,102414708.0
1399,36532,Concesti,767339.0
1400,69303,Valeni-Dambovita,906422.0
1401,102071,Colibasi,0.0
1402,126647,Deveselu,291298.0
1403,159419,Gottlob,2742.0
1404,93888,Oras Lehliu Gara,65510859.0
1405,61121,Castelu,157954.0
1406,77509,Varlezi,0.0
1407,118469,Nades,2146140.0
1408,159428,Iecea Mare,0.0
1409,134853,Provita De Jos,0.0
1410,52936,Glimboca,101283.0
1411,151246,Zamostea,8861.0
1412,159437,Parta,452665301.0
1413,69330,Visina,0.0
1414,126674,Dobretu,0.0
1415,159446,Padureni,3624973.0
1416,36569,Copalau,0.0
1417,110296,Bala,153664.0
1418,143067,Zalha,0.0
1419,52954,Goruia,0.0
1420,11995,Seleus,698283.0
1421,102106,Comana,73118276.0
1422,167641,Oras Baile Govora,1338759.0
1423,3805,Cergau,0.0
1424,159455,Saravale,0.0
1425,77536,Vladesti,0.0
1426,93931,Lupsanu,0.0
1427,159464,Sandra,856412.0
1428,118511,Neaua,0.0
1429,61167,Cerchezu,0.0
1430,134899,Provita De Sus,1186487.0
1431,159473,Tomnatic,3404976.0
1432,77561,Radesti,0.0
1433,159482,Valcani,74345.0
1434,52990,Gradinari,0.0
1435,28415,Cetariu,4742643.0
1436,126718,Dobrosloveni,69716.0
1437,3841,Ceru-Bacainti,0.0
1438,85760,Sandominic,3225849.0
1439,159491,Livezile,0.0
1440,12037,Semlac,0.0
1441,77579,Negrilesti,0.0
1442,175885,Cotesti,5748944.0
1443,102160,Corbeanca,33903154.0
1444,159507,Pesac,0.0
1445,44818,Municipiul Buzau,4005602307.0
1446,77587,Poiana,0.0
1447,167696,Oras Baile Olanesti,1538759.0
1448,69394,Visinesti,0.0
1449,12055,Sintea Mare,1207894.0
1450,61210,Chirnogeni,34759008.0
1451,77595,Cuza Voda,0.0
1452,134942,Puchenii Mari,3104855.0
1453,85788,Sanmartin,6586964.0
1454,159516,Bucovat,0.0
1455,53023,Iablanita,3284451.0
1456,77601,Suhurlui,0.0
1457,159525,Otelec,138590.0
1458,36649,Cordareni,19785.0
1459,143147,Zimbor,0.0
1460,93995,Mihail Kogalniceanu,1622118.0
1461,44845,Municipiul Ramnicu Sarat,276943109.0
1462,118575,Ogra,593267.0
1463,151344,Zvoristea,2894860.0
1464,126772,Dobroteasa,8775985.0
1465,12091,Oras Santana,9478276.0
1466,44863,Amaru,0.0
1467,175938,Dumbraveni,141600.0
1468,36676,Corlateni,0.0
1469,102213,Cornetu,9353998.0
1470,69447,Varfuri,0.0
1471,61256,Ciobanu,0.0
1472,20297,Municipiul Bacau,1641389758.0
1473,53069,Lapusnicel,543589.0
1474,28497,Cherechiu,1193545.0
1475,85840,Sansimion,4581625.0
1476,20313,Hemeius,61761234.0
1477,94045,Milosesti,6337.0
1478,12126,Socodor,26279090.0
1479,102240,Cosereni,5008089.0
1480,61283,Ciocarlia,0.0
1481,126825,Dobrun,0.0
1482,118637,Papiu Ilarian,0.0
1483,175983,Dumitresti,3043721.0
1484,135020,Rafov,1139543.0
1485,53103,Lapusnicu Mare,0.0
1486,12144,Sagu,2980624.0
1487,167794,Oras Brezoi,2850895.0
1488,28530,Chislaz,4184656.0
1489,85877,Subcetate,8960065.0
1490,3958,Cetatea De Balta,0.0
1491,110456,Balta,0.0
1492,159614,Municipiul Tulcea,1524329562.0
1493,94081,Movila,0.0
1494,44934,Balta Alba,739.0
1495,61318,Cobadin,2175584.0
1496,20359,Letea Veche,8009347.0
1497,53130,Luncavita,63620.0
1498,151433,Comanesti,4426753.0
1499,102286,Crevedia,149356.0
1500,151442,Iaslovat,2137775.0
1501,36756,Corni,0.0
1502,69526,Voinesti,21146.0
1503,151451,Ciocanesti,991556.0
1504,94107,Munteni-Buzau,524445.0
1505,159650,Oras Babadag,6713859.0
1506,85920,Suseni,18276513.0
1507,118691,Panet,30193775.0
1508,151460,Serbauti,95787.0
1509,4008,Ciuruleasa,946884.0
1510,94125,Alexandru Odobescu,0.0
1511,12206,Seitin,212.0
1512,53167,Lupac,22183.0
1513,151479,Horodnic De Sus,8231797.0
1514,126905,Fagetelu,1299.0
1515,20411,Magura,51819828.0
1516,61372,Cogealac,72836511.0
1517,44989,Balaceanu,25462.0
1518,12224,Sepreus,321547.0
1519,28610,Ciuhoi,1597541.0
1520,151488,Fantana Mare,11302867.0
1521,159687,Oras Isaccea,5031518.0
1522,110535,Balacita,0.0
1523,36809,Cotusca,1869179.0
1524,45003,Beceni,3048900.0
1525,151497,Cosna,2676661.0
1526,102348,Crevedia Mare,500.0
1527,151503,Capu Campului,335068.0
1528,94161,Perieti,3482490.0
1529,12242,Sicula,28908870.0
1530,53210,Marga,559814.0
1531,135128,Salcia,0.0
1532,151512,Hantesti,73018.0
1533,118753,Pasareni,131116.0
1534,85984,Simonesti,2096787.0
1535,151521,Burla,0.0
1536,167909,Oras Calimanesti,9589527.0
1537,135146,Salciile,1464075.0
1538,151530,Balaceana,10000.0
1539,110571,Bacles,0.0
1540,69615,Vulcana-Bai,305522.0
1541,159730,Oras Macin,90678023.0
1542,20466,Margineni,15527598.0
1543,77812,Municipiul Targu Jiu,2776840005.0
1544,28665,Ciumeghiu,45396.0
1545,135164,Scorteni,1250090.0
1546,53247,Maureni,0.0
1547,151549,Hartop,24385.0
1548,12288,Silindia,152937.0
1549,126978,Falcoiu,0.0
1550,151558,Voitinel,10989.0
1551,4106,Calnic,0.0
1552,61452,Comana,0.0
1553,151567,Ciprian Porumbescu,40991.0
1554,94223,Perisoru,0.0
1555,118799,Petelea,8835983.0
1556,102419,Curcani,0.0
1557,176150,Fitionesti,0.0
1558,159767,Oras Sulina,1540616.0
1559,53274,Mehadia,8884712.0
1560,151576,Berchisesti,53841.0
1561,151585,Poieni-Solca,0.0
1562,28709,Campani,10806504.0
1563,118824,Pogaceaua,874528.0
1564,127019,Farcasele,1371300.0
1565,36907,Cristesti,0.0
1566,159785,Baia,1549230.0
1567,45101,Berca,9149659.0
1568,4142,Cricau,6891530.0
1569,102446,Daia,211475.0
1570,167981,Municipiul Dragasani,225654785.0
1571,12340,Simand,40010.0
1572,135226,Secaria,482033.0
1573,94269,Reviga,29085.0
1574,102473,Dascalu,12306449.0
1575,61513,Corbu,255771.0
1576,135244,Sangeru,0.0
1577,53327,Mehadica,144929.0
1578,12368,Siria,4504915.0
1579,20563,Municipiul Onesti,574865502.0
1580,176212,Garoafa,66889.0
1581,77910,Balesti,152028.0
1582,36952,Cristinesti,0.0
1583,143450,Municipiul Sibiu,6049531544.0
1584,127064,Ganeasa,177094.0
1585,28763,Cociuba Mare,33317.0
1586,4188,Craciunelu De Jos,1075.0
1587,53345,Naidas,0.0
1588,110688,Balvanesti,0.0
1589,159847,Beidaud,0.0
1590,94312,Roseti,13420056.0
1591,168041,Oras Horezu,21519746.0
1592,12402,Sistarovat,500.0
1593,86133,Tulghes,9203067.0
1594,61559,Crucea,1178376.0
1595,94330,Salcioara,0.0
1596,53372,Obreja,5636979.0
1597,102525,Darasti-Ilfov,1130961.0
1598,143487,Cristian,20565132.0
1599,20607,Gura Vaii,0.0
1600,151683,Municipiul Turnu Magurele,235330658.0
1601,159883,C.a. Rosetti,0.0
1602,143502,Poplaca,22605905.0
1603,102543,1 Decembrie,61858544.0
1604,4240,Daia Romana,3980469.0
1605,28816,Copacel,2627236.0
1606,135315,Starchiojd,22372787.0
1607,118931,Rastolita,864617.0
1608,37011,Dersca,312648.0
1609,110740,Breznita-Motru,129987.0
1610,127126,Giuvarasti,0.0
1611,151709,Ciuperceni,12453.0
1612,143520,Rasinari,4257361.0
1613,12457,Taut,210517.0
1614,94376,Saveni,53839.0
1615,127144,Gostavatu,940102.0
1616,102570,Domnesti,84434016.0
1617,4268,Dostat,0.0
1618,86188,Tusnad,38395511.0
1619,176301,Gugesti,4371122.0
1620,53425,Paltinis,0.0
1621,61620,Cumpana,12882211.0
1622,151736,Islaz,84580.0
1623,45245,Bisoca,0.0
1624,20670,Stefan Cel Mare,0.0
1625,168130,Oras Ocnele Mari,0.0
1626,37057,Dangeni,17145.0
1627,78016,Dragutesti,10802.0
1628,127171,Gradinari,975.0
1629,143557,Selimbar,223773595.0
1630,159945,Carcaliu,1625064.0
1631,102605,Dragomiresti-Vale,173437049.0
1632,4302,Farau,0.0
1633,86222,Ulies,860204.0
1634,176338,Gura Calitei,901349.0
1635,151763,Lita,185267.0
1636,118995,Raciu,255482.0
1637,28889,Cristioru De Jos,33500.0
1638,159963,Casimcea,98285.0
1639,94429,Scanteia,0.0
1640,12509,Tarnova,289506.0
1641,110820,Breznita-Ocol,24552.0
1642,61675,Deleni,0.0
1643,37100,Dobarceni,0.0
1644,151790,Municipiul Alexandria,373317166.0
1645,135404,Surani,28527.0
1646,102641,Dragoesti,302161.0
1647,53489,Coronini,693887.0
1648,94456,Sfantu Gheorghe,0.0
1649,127224,Grojdibodu,0.0
1650,143619,Municipiul Medias,633258341.0
1651,135431,Sirna,84160.0
1652,78089,Turcinesti,2142883.0
1653,53513,Pojejena,0.0
1654,151816,Nanov,42130350.0
1655,28941,Curatele,171921.0
1656,69900,Municipiul Craiova,7220971871.0
1657,4366,Galda De Jos,538816338.0
1658,127251,Ianca,823838.0
1659,45334,Blajani,0.0
1660,151834,Poroschia,5312240.0
1661,110875,Brosteni,105044.0
1662,12572,Varadia De Mures,0.0
1663,143646,Tarnava,5855187.0
1664,94492,Stelnica,0.0
1665,86311,Varsag,8097576.0
1666,168229,Alunu,10285195.0
1667,61737,Dobromir,189442.0
1668,20778,Oras Buhusi,157236745.0
1669,160047,Ceatalchioi,0.0
1670,102703,Dridu,1239769.0
1671,45361,Boldu,0.0
1672,37173,Draguseni,4000.0
1673,127288,Iancu Jianu,418509.0
1674,78141,Municipiul Motru,106484372.0
1675,151870,Municipiul Rosiori De Vede,51481514.0
1676,176445,Homocea,1418362.0
1677,143682,Oras Agnita,63013268.0
1678,86339,Voslabeni,2790509.0
1679,94535,Suditi,0.0
1680,29001,Curtuiseni,1920803.0
1681,53577,Prigor,11985370.0
1682,45389,Bozioru,0.0
1683,69964,Bucovat,2865322.0
1684,135501,Soimari,25041.0
1685,20821,Oras Comanesti,289473208.0
1686,127322,Icoana,0.0
1687,102749,Oras Fierbinti-Targ,250342.0
1688,160092,Ceamurlia De Jos,0.0
1689,86366,Zetea,53046211.0
1690,37217,Durnesti,0.0
1691,12643,Vinga,14219692.0
1692,94562,Stefan Cel Mare,90448.0
1693,110946,Burila Mare,0.0
1694,151905,Oras Videle,6367622.0
1695,29038,Derna,2546293.0
1696,61808,Garliciu,0.0
1697,119153,Rusii-Munti,1912131.0
1698,94580,Stefan Voda,56147.0
1699,143735,Oras Cisnadie,365415158.0
1700,168309,Amarasti,0.0
1701,176506,Jaristea,11467619.0
1702,135547,Sotrile,800544.0
1703,160127,Cerna,3415.0
1704,151932,Crevenicu,0.0
1705,4482,Garbova,380000.0
1706,61826,Ghindaresti,88353.0
1707,53639,Ramna,571068.0
1708,127368,Izbiceni,1526241.0
1709,102794,Floresti-Stoenesti,1933503.0
1710,20876,Municipiul Moinesti,27497654.0
1711,94606,Ulmu,10923.0
1712,12689,Varfurile,1764460.0
1713,143771,Oras Copsa Mica,50766004.0
1714,127386,Izvoarele,0.0
1715,111006,Butoiesti,1199128.0
1716,37280,Oras Flamanzi,5343798.0
1717,29092,Diosig,11264978.0
1718,176551,Jitia,0.0
1719,86438,Madaras,31291327.0
1720,119206,Saschiz,4987831.0
1721,151978,Oras Zimnicea,385137796.0
1722,53675,Racasdia,0.0
1723,4525,Garda De Sus,785836.0
1724,20910,Oras Slanic-Moldova,702923.0
1725,160172,Chilia Veche,0.0
1726,61871,Independenta,490664.0
1727,86446,Cozmeni,191722.0
1728,127411,Leleasca,0.0
1729,78258,Oras Novaci,6133866.0
1730,86453,Tomesti,0.0
1731,168372,Oras Babeni,1296474.0
1732,102838,Frasinet,0.0
1733,45496,Bradeanu,351968.0
1734,94651,Unirea,165284.0
1735,86461,Ciceu,321478.0
1736,143806,Oras Dumbraveni,9793401.0
1737,151996,Balaci,0.0
1738,135618,Stefesti,1839879.0
1739,53700,Eftimie Murgu,368849.0
1740,119242,Oras Sarmasu,15726504.0
1741,37324,Frumusica,3303548.0
1742,86479,Leliceni,3939080.0
1743,70094,Isalnita,7890648.0
1744,86487,Porumbeni,6331051.0
1745,86495,Racu,322374.0
1746,70110,Podari,10503001.0
1747,53728,Rusca Montana,170656.0
1748,94688,Valea Ciorii,0.0
1749,29154,Dobresti,1660244.0
1750,45539,Braesti,78025.0
1751,160225,Ciucurova,0.0
1752,86501,Satu Mare,8911192.0
1753,135654,Talea,0.0
1754,152038,Babaita,15330.0
1755,20965,Oras Targu Ocna,36768736.0
1756,176613,Maicanesti,968367.0
1757,143851,Oras Ocna Sibiului,3423963.0
1758,12778,Zabrani,31714.0
1759,86519,Santimbru,870594.0
1760,78329,Oras Targu Carbunesti,18179318.0
1761,111097,Cazanesti,33882.0
1762,53755,Sacu,0.0
1763,102909,Fratesti,2247268.0
1764,61951,Ion Corvin,3041769.0
1765,135681,Tataru,0.0
1766,127493,Maruntei,284960.0
1767,168452,Oras Balcesti,1792754.0
1768,160261,Crisan,0.0
1769,94731,Valcelele,845950.0
1770,12812,Zarand,4989046.0
1771,21007,Agas,1075607.0
1772,152083,Blejesti,30309.0
1773,143888,Altina,0.0
1774,37397,George Enescu,0.0
1775,53791,Sasca Montana,291969.0
1776,70174,Simnicu De Sus,12617753.0
1777,102945,Frumusani,7472603.0
1778,119331,Oras Sangeorgiu De Padure,21826977.0
1779,176686,Mera,205040.0
1780,135725,Teisani,1000461.0
1781,143922,Apoldu De Jos,0.0
1782,12849,Zerind,0.0
1783,94768,Vlad Tepes,0.0
1784,127536,Mihaesti,0.0
1785,45619,Breaza,30588.0
1786,160305,Daeni,0.0
1787,29243,Draganesti,368945499.0
1788,152127,Bogdana,0.0
1789,160323,Dorobantu,6485365.0
1790,62020,Istria,0.0
1791,94795,Vladeni,0.0
1792,127563,Milcov,0.0
1793,12876,Zimandu Nou,532297063.0
1794,37459,Gorbanesti,0.0
1795,143959,Arpasu De Jos,12964530.0
1796,119386,Sanger,6530.0
1797,53853,Sichevita,230258.0
1798,4703,Hoparta,44742.0
1799,103014,Fundeni,0.0
1800,45673,Buda,0.0
1801,62057,Lipnita,0.0
1802,21098,Ardeoani,10723237.0
1803,168559,Barbatesti,2488868.0
1804,152172,Botoroaga,370867.0
1805,176748,Milcovul,2368093.0
1806,135789,Telega,357004.0
1807,12912,Dorobanti,461645.0
1808,111220,Ciresu,0.0
1809,78454,Oras Ticleni,526877.0
1810,12920,Frumuseni,618365.0
1811,103032,Oras Fundulea,37378312.0
1812,143995,Atel,0.0
1813,160387,Frecatei,11004620.0
1814,21123,Asau,3168140.0
1815,127625,Morunglav,236707.0
1816,78472,Albeni,1173594.0
1817,12938,Zadareni,203766.0
1818,168602,Oras Berbesti,15492.0
1819,176793,Movilita,2042281.0
1820,29341,Dragesti,688978.0
1821,86687,Municipiul Deva,352834039.0
1822,4767,Horea,3274351.0
1823,135850,Tinosu,0.0
1824,152234,Bragadiru,18011.0
1825,111275,Corcova,3461848.0
1826,37547,Havarna,141089.0
1827,119466,Sanpaul,248510117.0
1828,160430,Greci,9392777.0
1829,70316,Municipiul Bailesti,17307373.0
1830,103087,Gaiseni,0.0
1831,144054,Oras Avrig,39560841.0
1832,45753,Calvini,798570.0
1833,62137,Mereni,2470281.0
1834,152252,Branceni,0.0
1835,127689,Movileni,50054.0
1836,160458,Grindu,0.0
1837,21196,Balcani,295025.0
1838,152270,Bujoreni,427256.0
1839,78542,Alimpesti,1172214.0
1840,70352,Municipiul Calafat,44586207.0
1841,176855,Nanesti,8613963.0
1842,135896,Tomsani,27952.0
1843,29403,Finis,510842.0
1844,103130,Ganeasa,20673493.0
1845,86749,Carjiti,0.0
1846,160476,Hamcearca,0.0
1847,168675,Berislavesti,19724691.0
1848,127714,Nicolae Titulescu,0.0
1849,119527,Sanpetru De Campie,882800.0
1850,62191,Mihail Kogalniceanu,4647783.0
1851,37618,Hanesti,0.0
1852,144116,Axente Sever,9687101.0
1853,45815,C.a. Rosetti,229831.0
1854,152314,Bujoru,31149.0
1855,176891,Naruja,1962006.0
1856,21249,Beresti-Bistrita,30275044.0
1857,127750,Obarsia,0.0
1858,78604,Aninoasa,674587.0
1859,152332,Buzescu,998668.0
1860,70414,Oras Filiasi,2487133.0
1861,135949,Valea Calugareasca,7026769.0
1862,160528,Horia,0.0
1863,144152,Bazna,1413962.0
1864,29467,Girisu De Cris,35811.0
1865,103194,Gaujani,15174.0
1866,86810,Municipiul Hunedoara,687615035.0
1867,152350,Calinesti,20792.0
1868,119590,Solovastru,25267861.0
1869,37672,Hiliseu-Horia,0.0
1870,54056,Slatina-Timis,1282576.0
1871,62253,Mihai Viteazu,0.0
1872,168755,Boisoara,99982.0
1873,176944,Nereju,20542462.0
1874,160564,Izvoarele,0.0
1875,111417,Corlatel,0.0
1876,4927,Ighiu,38687280.0
1877,45888,Canesti,80820.0
1878,144198,Biertan,7947.0
1879,127812,Oboga,82784.0
1880,103238,Ghimpati,2006707.0
1881,62280,Mircea Voda,5455475.0
1882,119625,Stanceni,145621.0
1883,78668,Arcani,0.0
1884,29519,Hidiselu De Sus,4076560.0
1885,95060,Municipiul Iasi,2570836461.0
1886,111444,Cujmir,0.0
1887,168791,Budesti,46913313.0
1888,21338,Beresti-Tazlau,8905747.0
1889,54109,Socol,0.0
1890,152412,Calmatuiu,26589.0
1891,86883,Ghelari,371470.0
1892,37734,Hlipiceni,0.0
1893,70502,Oras Segarcea,5523338.0
1894,177003,Nistoresti,1978863.0
1895,144232,Barghis,813276.0
1896,160617,Jijila,814837.0
1897,119661,Suplac,0.0
1898,13169,Municipiul Pitesti,1857054599.0
1899,95088,Barnova,10295639.0
1900,103283,Garbovi,0.0
1901,127858,Oporelu,0.0
1902,4981,Intregalde,0.0
1903,78711,Baia De Fier,13461474.0
1904,70520,Afumati,160376.0
1905,111480,Devesel,112414.0
1906,13187,Bascov,554350716.0
1907,29573,Holod,40223.0
1908,160644,Jurilovca,1267732.0
1909,45959,Catina,0.0
1910,37770,Hudesti,72957.0
1911,103309,Gogosari,0.0
1912,152467,Calmatuiu De Sus,10219.0
1913,54163,Sopotu Nou,0.0
1914,62360,Oras Murfatlar,13158718.0
1915,86936,Teliucu Inferior,2850580.0
1916,127901,Optasi-Magura,303170.0
1917,78748,Balanesti,420944.0
1918,70566,Almaj,12000.0
1919,136107,Valea Doftanei,3460272.0
1920,21418,Berzunti,112008.0
1921,119723,Suseni,1414046.0
1922,160680,Luncavita,115741.0
1923,144303,Blajel,287939.0
1924,168880,Bujoreni,8411114.0
1925,95159,Holboca,14137483.0
1926,152500,Cervenia,689485.0
1927,103354,Gostinu,0.0
1928,62397,Oras Negru Voda,174145.0
1929,37823,Ibanesti,385263.0
1930,111550,Darvari,376407.0
1931,46019,Cernatesti,680796.0
1932,127938,Orlea,0.0
1933,136134,Varbilau,7035824.0
1934,119750,Saulia,6008.0
1935,103372,Gostinari,0.0
1936,21454,Barsanesti,242534.0
1937,86990,Municipiul Petrosani,730811432.0
1938,177101,Paltin,3404356.0
1939,152528,Ciolanesti,0.0
1940,160724,Mahmudia,822784.0
1941,37850,Leorda,0.0
1942,13276,Bradu,1468061761.0
1943,29662,Husasau De Tinca,0.0
1944,144349,Brateiu,3078549.0
1945,111587,Dumbrava,0.0
1946,62440,Nicolae Balcescu,3409941.0
1947,70637,Amarastii De Jos,444466.0
1948,78828,Barbatesti,1444686.0
1949,103407,Gradinari,1319258.0
1950,127983,Osica De Sus,404484.0
1951,5103,Jidvei,77280.0
1952,13301,Oras Mioveni,20253970512.0
1953,152564,Contesti,0.0
1954,119803,Sincai,0.0
1955,144376,Bradeni,0.0
1956,54270,Teregova,12958961.0
1957,21506,Blagesti,1729767.0
1958,168960,Bunesti,31450.0
1959,136198,Valcanesti,543497.0
1960,152582,Cosmesti,0.0
1961,95239,Rediu,2284238.0
1962,160779,Maliuc,0.0
1963,70673,Amarastii De Sus,0.0
1964,87059,Municipiul Lupeni,138339948.0
1965,103443,Gradistea,54417.0
1966,62486,Oltina,0.0
1967,37912,Lunca,0.0
1968,78873,Bengesti-Ciocadia,4183666.0
1969,144410,Bruiu,769501.0
1970,29724,Ineu,0.0
1971,46108,Chiliile,0.0
1972,54305,Ticvaniu Mare,3132009.0
1973,87077,Oras Petrila,27346772.0
1974,152617,Crangeni,786473.0
1975,5167,Livezile,206272.0
1976,103470,Greaca,0.0
1977,119858,Taureni,0.0
1978,136241,Cocorastii Colt,705123.0
1979,13365,Maracineni,378271720.0
1980,128052,Perieti,54000.0
1981,21560,Bogdanesti,16116103.0
1982,136250,Olari,0.0
1983,95293,Tomesti,12134071.0
1984,160831,Mihai Bravu,2321780.0
1985,29760,Lazuri De Beius,2692349.0
1986,111685,Floresti,0.0
1987,37958,Manoleasa,94436.0
1988,70726,Apele Vii,1202897.0
1989,62538,Ostrov,0.0
1990,144456,Chirpar,0.0
1991,169039,Cernisoara,100472.0
1992,54350,Tarnova,0.0
1993,78926,Berlesti,0.0
1994,136269,Vadu Sapat,4306094.0
1995,13392,Oras Stefanesti,183277965.0
1996,136278,Batrani,222767.0
1997,152662,Crangu,1621.0
1998,177236,Paunesti,3243192.0
1999,119894,Oras Ungheni,46987346.0
2000,103513,Gruiu,31729312.0
2001,70744,Argetoaia,320934.0
2002,5210,Lopadea Noua,5527898.0
2003,21597,Brusturoasa,648205.0
2004,87139,Oras Uricani,2832107.0
2005,46180,Chiojdu,2604297.0
2006,128105,Oras Piatra-Olt,20634.0
2007,177263,Poiana Cristei,0.0
2008,160877,Mihail Kogalniceanu,14805.0
2009,54387,Toplet,10001603.0
2010,29813,Lazareni,788725.0
2011,95355,Oras Harlau,7632255.0
2012,144508,Carta,5623698.0
2013,87175,Municipiul Vulcan,8810410.0
2014,54412,Turnu Ruieni,974266.0
2015,160911,Murighiol,0.0
2016,103568,Gurbanesti,0.0
2017,62609,Pantelimon,129996.0
2018,144535,Cartisoara,0.0
2019,152724,Didesti,390708.0
2020,79004,Balteni,707826.0
2021,169119,Caineni,236568.0
2022,95391,Municipiul Pascani,596393122.0
2023,21668,Buhoci,4402187.0
2024,111783,Garla Mare,2644623.0
2025,119974,Valea Larga,15396.0
2026,46251,Cilibia,41350.0
2027,144553,Darlos,2535453.0
2028,38063,Mihai Eminescu,16693039.0
2029,13490,Municipiul Campulung,250184678.0
2030,87219,Oras Aninoasa,3219792.0
2031,128178,Parscoveni,0.0
2032,152760,Dobrotesti,1257775.0
2033,5309,Lunca Muresului,836617.0
2034,177352,Pufesti,4106345.0
2035,111818,Godeanu,0.0
2036,29902,Lugasu De Jos,4191262.0
2037,87246,Banita,0.0
2038,62672,Pecineaga,604267.0
2039,13524,Valea Mare Pravat,952446.0
2040,54485,Valiug,82935.0
2041,144599,Gura Raului,1025325.0
2042,103639,Hotarele,0.0
2043,5336,Lupsa,1053910.0
2044,21720,Casin,9624397.0
2045,128221,Plesoiu,31177.0
2046,169182,Copaceni,0.0
2047,70879,Oras Bechet,79163.0
2048,152797,Dracsenei,0.0
2049,160993,Nalbant,481632.0
2050,54500,Varadia,0.0
2051,79077,Bolbosi,0.0
2052,144615,Hoghilag,82399.0
2053,46313,Cislau,4367565.0
2054,95471,Oras Targu Frumos,14305131.0
2055,70897,Bistret,0.0
2056,62707,Pestera,0.0
2057,111863,Gogosu,484622.0
2058,87291,Municipiul Brad,134791794.0
2059,29948,Lunca,14350821.0
2060,21757,Caiuti,99824.0
2061,177405,Racoasa,300.0
2062,54537,Vermes,0.0
2063,144651,Iacobeni,16102.0
2064,161035,Niculitel,344441.0
2065,95499,Ion Neculce,0.0
2066,103693,Iepuresti,67386.0
2067,120076,Vargata,1809964.0
2068,38161,Mihaileni,19223.0
2069,70940,Barca,0.0
2070,161053,Nufaru,55878.0
2071,136483,Municipiul Satu Mare,1324118124.0
2072,152868,Draganesti De Vede,0.0
2073,169253,Costesti,507707.0
2074,46377,Cochirleanca,201637.0
2075,62761,Poarta Alba,1948188.0
2076,128301,Poboru,0.0
2077,54573,Vrani,0.0
2078,111916,Greci,166299.0
2079,79157,Borascu,383082.0
2080,13622,Municipiul Curtea De Arges,954385403.0
2081,70968,Botosesti-Paia,0.0
2082,30014,Madaras,12888341.0
2083,177469,Reghiu,0.0
2084,87362,Criscior,2706257.0
2085,152902,Draganesti-Vlasca,2942462.0
2086,70986,Brabova,0.0
2087,120138,Vatava,2800769.0
2088,144713,Jina,407762.0
2089,136526,Municipiul Carei,377591949.0
2090,62798,Rasova,0.0
2091,161106,Ostrov,212261.0
2092,103764,Ileana,230600.0
2093,169306,Creteni,6932997.0
2094,54617,Zavoi,469409.0
2095,144731,Laslea,124864.0
2096,21855,Cleja,1116869.0
2097,38241,Mihalaseni,0.0
2098,13668,Oras Costesti,167996344.0
2099,46439,Colti,0.0
2100,62823,Saraiu,54446.0
2101,136553,Capleni,3639775.0
2102,120174,Vetca,0.0
2103,161133,Pardina,0.0
2104,111989,Grozesti,0.0
2105,30069,Magesti,9569038.0
2106,152948,Furculesti,0.0
2107,128374,Oras Potcoava,5336115.0
2108,95612,Alexandru I. Cuza,0.0
2109,161151,Peceneaga,0.0
2110,87424,Oras Calan,19792373.0
2111,21891,Colonesti,0.0
2112,79237,Branesti,11556.0
2113,169351,Daesti,26058243.0
2114,71055,Bradesti,7560.0
2115,46484,Costesti,24789468.0
2116,136599,Oras Negresti-Oas,69036639.0
2117,177557,Ruginesti,212552.0
2118,144795,Loamnes,466282.0
2119,161179,Sarichioi,43708.0
2120,120218,Viisoara,0.0
2121,62878,Sacele,51065.0
2122,112030,Gruia,0.0
2123,152993,Frumoasa,0.0
2124,54699,Zorlentu Mare,254513.0
2125,38321,Mileanca,0.0
2126,95667,Andrieseni,500.0
2127,128436,Priseaca,15218410.0
2128,62903,Seimeni,263722.0
2129,103862,Ion Roata,104202.0
2130,13757,Oras Topoloveni,133355946.0
2131,169404,Danicei,425000.0
2132,120254,Vanatori,9481201.0
2133,136642,Oras Tasnad,78531510.0
2134,153026,Galateni,0.0
2135,177600,Sihlea,666850.0
2136,30149,Nojorid,29046018.0
2137,5577,Metes,289406.0
2138,79308,Oras Bumbesti-Jiu,12896470.0
2139,112076,Hinova,183670.0
2140,161231,Sfantu Gheorghe,0.0
2141,21971,Corbasca,0.0
2142,71126,Bralostita,203647.0
2143,128472,Radomiresti,5390.0
2144,46554,Cozieni,0.0
2145,103899,Izvoarele,3358.0
2146,144866,Ludos,0.0
2147,153062,Gratia,0.0
2148,62949,Silistea,0.0
2149,38376,Mitoc,0.0
2150,161259,Slava Cercheza,0.0
2151,177655,Slobozia Bradului,112393.0
2152,13819,Albestii De Arges,9266274.0
2153,120316,Voivodeni,68480.0
2154,144893,Marpod,206344.0
2155,112129,Husnicioara,0.0
2156,95747,Aroneanu,382165.0
2157,79362,Bumbesti-Pitic,0.0
2158,161286,Smardan,4277279.0
2159,62985,Targusor,0.0
2160,136713,Acas,4000.0
2161,128524,Redea,1383811.0
2162,153106,Izvoarele,2436.0
2163,161302,Somova,30131208.0
2164,30229,Olcea,0.0
2165,120343,Zagar,0.0
2166,87576,Oras Hateg,27396211.0
2167,103960,Jilavele,62006.0
2168,71199,Bratovoesti,0.0
2169,144928,Oras Miercurea Sibiului,129054205.0
2170,153124,Lisa,0.0
2171,22059,Cotofanesti,6760.0
2172,79406,Bustuchin,0.0
2173,95792,Baltati,0.0
2174,128560,Rotunda,3482719.0
2175,120370,Zau De Campie,17050.0
2176,38456,Nicseni,0.0
2177,103997,Joita,401760.0
2178,177726,Slobozia Ciorasti,4900.0
2179,153151,Lunca,36000.0
2180,30274,Osorhei,78600013.0
2181,136768,Andrid,0.0
2182,13891,Albestii De Muscel,0.0
2183,5700,Mihalt,119788.0
2184,63045,Topalu,256287.0
2185,144964,Merghindeal,0.0
2186,161348,Stejaru,2835446.0
2187,169547,Dragoesti,0.0
2188,128588,Rusanesti,5058521.0
2189,87638,Municipiul Orastie,159304296.0
2190,38492,Paltinis,1806287.0
2191,71260,Breasta,3815.0
2192,144991,Micasasa,336257.0
2193,22111,Damienesti,0.0
2194,63072,Topraisar,1197252.0
2195,136802,Apa,0.0
2196,177762,Soveja,143692.0
2197,128613,Scarisoara,800707.0
2198,161384,Topolog,539757.0
2199,169583,Fauresti,0.0
2200,104047,Letca Noua,0.0
2201,13935,Albota,24694190.0
2202,87665,Oras Simeria,58278266.0
2203,112245,Eselnita,330161.0
2204,153204,Mavrodin,1607534.0
2205,5755,Miraslau,4102734.0
2206,30336,Pietroasa,1505044.0
2207,95872,Belcesti,913832.0
2208,177799,Straoane,227584.0
2209,112263,Ilovat,0.0
2210,79497,Capreni,82735.0
2211,38544,Pomarla,0.0
2212,145042,Mihaileni,0.0
2213,104083,Luica,4240.0
2214,128659,Schitu,37876.0
2215,136848,Oras Ardud,58480679.0
2216,63125,Valu Lui Traian,2108644.0
2217,22166,Oras Darmanesti,19034344.0
2218,153240,Magura,0.0
2219,120478,Chibed,20212659.0
2220,120487,Corunca,26931099.0
2221,71340,Bulzesti,67863.0
2222,13999,Aninoasa,5518599.0
2223,63152,Lumina,107279967.0
2224,177842,Suraia,13482172.0
2225,46769,Galbinasi,855112.0
2226,120496,Sarateni,0.0
2227,38580,Prajeni,0.0
2228,104118,Mihai Bravu,0.0
2229,120502,Madaras,0.0
2230,63161,Dumbraveni,0.0
2231,161464,Turcoaia,0.0
2232,120511,Bereni,297602.0
2233,54975,Municipiul Cluj-Napoca,4117054974.0
2234,153277,Maldaeni,0.0
2235,87745,Baia De Cris,20405851.0
2236,5826,Mogos,0.0
2237,63170,Vulturu,3557448.0
2238,95943,Bivolari,12000.0
2239,128711,Oras Scornicesti,109340560.0
2240,161482,Valea Nucarilor,6094131.0
2241,104136,Oras Mihailesti,36903890.0
2242,153295,Mereni,0.0
2243,112334,Ilovita,403303.0
2244,30416,Pocola,128211.0
2245,145104,Mosna,1330590.0
2246,46803,Gheraseni,20668.0
2247,169681,Fartatesti,5126266.0
2248,63189,Tortoman,155668.0
2249,136919,Batarci,381191.0
2250,177879,Tanasoaia,0.0
2251,22237,Dealu Morii,0.0
2252,63198,Amzacea,102355.0
2253,55008,Municipiul Dej,452396678.0
2254,79585,Catunele,11803.0
2255,14049,Arefu,216599.0
2256,38633,Radauti-Prut,0.0
2257,46830,Ghergheasa,0.0
2258,112370,Isverna,572717.0
2259,104181,Manastirea,0.0
2260,145140,Nocrich,5502710.0
2261,161525,I.c.bratianu,0.0
2262,153339,Marzanesti,1450034.0
2263,96003,Ungheni,2193.0
2264,14085,Babana,1032517.0
2265,161543,Vacareni,0.0
2266,30470,Pomezeu,1307895.0
2267,136964,Beltiug,1095162.0
2268,161552,Bestepe,7967.0
2269,46867,Glodeanu Sarat,1480466.0
2270,55062,Cuzdrioara,659520.0
2271,38679,Rauseni,0.0
2272,161561,Valea Teilor,1200613.0
2273,71457,Calopar,0.0
2274,104225,Marsa,0.0
2275,87843,Balsa,0.0
2276,79656,Ciuperceni,0.0
2277,153384,Mosteni,0.0
2278,63278,Horia,0.0
2279,145202,Orlat,1605064.0
2280,104243,Moara Vlasiei,6139636.0
2281,63286,Costinesti,92670.0
2282,153400,Nasturelu,0.0
2283,96058,Braesti,0.0
2284,46910,Glodeanu-Silistea,80475.0
2285,63294,Baraganu,214321.0
2286,177986,Tataranu,16485.0
2287,55106,Jichisu De Jos,8314457.0
2288,63300,Cuza Voda,2020.0
2289,145220,Pauca,0.0
2290,137032,Berveni,2088966.0
2291,38731,Ripiceni,473716.0
2292,104270,Movilita,1483367.0
2293,112469,Izvoru Barzii,1566291.0
2294,14165,Baiculesti,52723616.0
2295,63318,Saligny,296250.0
2296,63326,Gradina,0.0
2297,71518,Caraula,27000.0
2298,153437,Necsesti,0.0
2299,128864,Seaca,43273.0
2300,63334,Fantanele,0.0
2301,30568,Popesti,10691379.0
2302,22380,Dofteana,17341969.0
2303,96110,Butea,110659.0
2304,137069,Bixad,3469187.0
2305,71536,Carpen,0.0
2306,128882,Samburesti,0.0
2307,55160,Mica,1079557.0
2308,79736,Calnic,6346985.0
2309,145275,Poiana Sibiului,0.0
2310,178046,Tamboesti,1083237.0
2311,104323,Nana,0.0
2312,153473,Olteni,19802844.0
2313,137103,Barsau,1107220.0
2314,145293,Porumbacu De Jos,4856994.0
2315,96147,Ceplenita,0.0
2316,104341,Nicolae Balcescu,0.0
2317,71572,Castranova,37704.0
2318,120726,Municipiul Piatra-Neamt,384686625.0
2319,38811,Roma,0.0
2320,47006,Grebanu,9051513.0
2321,6048,Noslac,1077125.0
2322,153507,Orbeasca,626124.0
2323,63394,Municipiul Sfantu Gheorghe,691028923.0
2324,112548,Jiana,53162.0
2325,137130,Bogdand,0.0
2326,169896,Francesti,0.0
2327,71607,Calarasi,0.0
2328,30648,Rabagani,689450.0
2329,22460,Faraoani,2140668.0
2330,87996,Baru,1658879.0
2331,14272,Balilesti,798136.0
2332,38848,Romanesti,2391112.0
2333,96192,Ciortesti,300454.0
2334,104387,Niculesti,0.0
2335,120771,Dumbrava Rosie,344426906.0
2336,128962,Spineni,12700.0
2337,153543,Peretu,0.0
2338,178117,Tulnici,4089674.0
2339,145355,Racovita,6000.0
2340,71634,Celaru,477828.0
2341,63447,Oras Baraolt,346629193.0
2342,22488,Filipeni,0.0
2343,112600,Livezile,16024.0
2344,55259,Municipiul Turda,101832856.0
2345,79834,Crasna,935180.0
2346,153561,Piatra,2085780.0
2347,137185,Botiz,584491125.0
2348,104421,Nuci,133891.0
2349,145382,Rau Sadului,1381791.0
2350,6119,Ocolis,284948.0
2351,47079,Gura Teghii,416413.0
2352,38893,Santa Mare,3100.0
2353,55277,Mihai Viteazu,92973411.0
2354,88047,Bacia,538482.0
2355,153589,Pietrosani,0.0
2356,120824,Savinesti,575138771.0
2357,30719,Remetea,4536223.0
2358,96254,Ciurea,12158224.0
2359,161794,Municipiul Barlad,343815799.0
2360,145408,Rosia,4595894.0
2361,178180,Tifesti,9791604.0
2362,153605,Plosca,11224015.0
2363,169994,Galicea,2869.0
2364,55311,Sandulesti,0.0
2365,137229,Calinesti-Oas,621580.0
2366,14352,Beleti-Negresti,297622.0
2367,129040,Sprancenata,0.0
2368,71698,Cerat,590975.0
2369,6164,Ohaba,0.0
2370,153623,Plopii-Slavitesti,921799.0
2371,112664,Malovat,0.0
2372,88092,Baita,1821074.0
2373,120860,Municipiul Roman,886406667.0
2374,104485,Ogrezeni,71424.0
2375,63526,Oras Covasna,26980518.0
2376,161829,Municipiul Husi,211632230.0
2377,71723,Cernatesti,0.0
2378,22576,Filipesti,6524147.0
2379,30773,Rieni,69317540.0
2380,47159,Largu,576651.0
2381,137274,Camarzana,32647.0
2382,120888,Cordun,12560297.0
2383,55357,Municipiul Campia Turzii,269662283.0
2384,79932,Cruset,0.0
2385,145471,Sadu,5101218.0
2386,63553,Comandau,525931.0
2387,161856,Oras Negresti,6582137.0
2388,14405,Berevoesti,63361764.0
2389,38982,Suharau,605041.0
2390,104519,Oinacu,112374.0
2391,129095,Stoenesti,91438.0
2392,6217,Pianu,2883319.0
2393,137292,Cauas,0.0
2394,96334,Coarnele Caprei,0.0
2395,47186,Lopatari,2465524.0
2396,129111,Stoicanesti,1635238.0
2397,55384,Municipiul Gherla,383956618.0
2398,145499,Oras Saliste,14320514.0
2399,120922,Horia,802803.0
2400,63580,Oras Intorsura Buzaului,18193686.0
2401,153696,Poeni,4377.0
2402,104546,Peris,1197438.0
2403,178279,Urechesti,899656.0
2404,112744,Obarsia De Camp,0.0
2405,71787,Cetate,0.0
2406,14450,Barla,0.0
2407,129139,Strejesti,0.0
2408,96370,Comarna,74830.0
2409,170097,Ghioroiu,0.0
2410,30844,Rosia,535591.0
2411,6271,Poiana Vadului,0.0
2412,112771,Oprisor,0.0
2413,71812,Cioroiasi,0.0
2414,104582,Petrachioaia,20177414.0
2415,22665,Gaiceana,0.0
2416,120968,Oras Bicaz,29265719.0
2417,39051,Sulita,2832687.0
2418,178313,Valea Sarii,1961111.0
2419,63633,Barcani,17347386.0
2420,137363,Cehal,0.0
2421,55446,Oras Huedin,15448622.0
2422,30871,Sacadat,60167352.0
2423,88216,Batrana,0.0
2424,161945,Municipiul Vaslui,483798132.0
2425,129184,Studina,0.0
2426,96423,Costuleni,704171.0
2427,112806,Padina,0.0
2428,80043,Danciulesti,57828.0
2429,55473,Aghiresu,6013528.0
2430,153776,Vitanesti,2514167.0
2431,71858,Ciupercenii Noi,0.0
2432,104635,Plataresti,682662.0
2433,170168,Glavile,5992.0
2434,137407,Certeze,8072012.0
2435,22718,Ghimes-Faget,14788422.0
2436,145603,Slimnic,0.0
2437,30915,Oras Sacueni,18893069.0
2438,47300,Luciu,244911.0
2439,88261,Beriu,11560442.0
2440,63688,Sita Buzaului,13123778.0
2441,178377,Vidra,14326151.0
2442,71885,Cosoveni,3298439.0
2443,39122,Sendriceni,0.0
2444,162014,Albesti,1317093.0
2445,121055,Oras Targu Neamt,67947574.0
2446,96478,Cotnari,126254673.0
2447,129246,Serbanesti,3772554.0
2448,137443,Craidorolt,9359.0
2449,71910,Cotofenii Din Dos,44179.0
2450,153829,Putineiu,889646.0
2451,47337,Magura,0.0
2452,104680,Prundu,962492.0
2453,112879,Patulele,0.0
2454,170220,Golesti,38879.0
2455,14584,Bogati,0.0
2456,80123,Danesti,0.0
2457,63740,Municipiul Targu Secuiesc,260654577.0
2458,6397,Ponor,0.0
2459,22781,Garleni,581224.0
2460,39168,Oras Stefanesti,18966.0
2461,145667,Seica Mare,562530.0
2462,129282,Stefan Cel Mare,2696304.0
2463,112904,Dubova,0.0
2464,104715,Putineiu,77765.0
2465,153865,Radoiesti,0.0
2466,30988,Salacea,4870336.0
2467,47373,Maracineni,27641634.0
2468,71956,Daneti,375272.0
2469,121108,Agapia,1136450.0
2470,162069,Alexandru Vlahuta,15161.0
2471,88350,Blajeni,0.0
2472,63777,Aita Mare,2784908.0
2473,137504,Crucisor,1471211.0
2474,31011,Salard,4121396.0
2475,129317,Tatulesti,888661.0
2476,178475,Vintileasca,48634.0
2477,55598,Aiton,0.0
2478,104751,Radovanu,100537.0
2479,22834,Glavanesti,100295.0
2480,39220,Stiubieni,0.0
2481,153909,Rasmiresti,0.0
2482,47417,Margaritesti,0.0
2483,63802,Batani,9567844.0
2484,112959,Podeni,0.0
2485,121153,Bahna,0.0
2486,6468,Posaga,124344.0
2487,72007,Oras Dabuleni,1894617.0
2488,137540,Culciu,65411662.0
2489,55623,Alunis,0.0
2490,145738,Seica Mica,4418205.0
2491,96593,Cozmesti,128348.0
2492,14673,Boteni,505378.0
2493,31057,Sambata,1121311.0
2494,153936,Salcia,128358.0
2495,104788,Rasuceni,2726420.0
2496,47453,Merei,7243057.0
2497,39266,Todireni,1080456.0
2498,112995,Ponoarele,156255.0
2499,72034,Desa,176083.0
2500,129380,Teslui,0.0
2501,145765,Sura Mare,6493208.0
2502,162149,Arsura,4397.0
2503,170346,Gradistea,0.0
2504,22898,Helegiu,2621842.0
2505,178545,Vizantea-Livezi,43131.0
2506,72052,Diosti,0.0
2507,153972,Saceni,0.0
2508,80249,Dragotesti,10140.0
2509,63866,Belin,0.0
2510,96637,Cristesti,0.0
2511,104831,Roata De Jos,1724768.0
2512,88449,Bosorod,3453072.0
2513,145792,Sura Mica,309978762.0
2514,14726,Botesti,0.0
2515,55687,Apahida,609957690.0
2516,137611,Doba,834446.0
2517,162194,Banca,6532.0
2518,6547,Radesti,386629.0
2519,63893,Bodoc,5208117.0
2520,31128,Sarbi,3217007.0
2521,96664,Cucuteni,0.0
2522,121242,Baltatesti,17927337.0
2523,80285,Farcasesti,5851068.0
2524,22941,Horgesti,0.0
2525,154013,Scrioastea,56472.0
2526,39328,Trusesti,665205.0
2527,14753,Bradulet,9857987.0
2528,145827,Oras Talmaciu,378001853.0
2529,72098,Dobresti,585424.0
2530,178607,Vanatori,24679262.0
2531,129460,Tia Mare,88219.0
2532,104886,Sarulesti,4598.0
2533,6592,Rametea,5111044.0
2534,63937,Borosneu Mare,1660.0
2535,137675,Dorolt,315698.0
2536,96717,Dagata,0.0
2537,170444,Gusoeni,0.0
2538,121297,Bicaz-Chei,81233485.0
2539,154068,Scurtu Mare,0.0
2540,72150,Dragotesti,1749545.0
2541,47578,Mihailesti,31776.0
2542,129503,Topana,0.0
2543,39391,Tudora,0.0
2544,55776,Aschileu,664381.0
2545,6627,Ramet,4000.0
2546,88546,Branisca,0.0
2547,31208,Spinus,1338057.0
2548,80365,Glogova,347327.0
2549,145907,Tilisca,0.0
2550,39417,Ungureni,0.0
2551,121340,Bicazu Ardelean,3571177.0
2552,113153,Poroina Mare,0.0
2553,137728,Foieni,97676020.0
2554,14851,Budeasa,48491814.0
2555,178689,Vartescoiu,2705501.0
2556,64005,Brates,4464626.0
2557,23047,Huruiesti,777251.0
2558,145934,Turnu Rosu,2932774.0
2559,47630,Manzalesti,0.0
2560,104975,Schitu,0.0
2561,137746,Gherta Mica,32659.0
2562,170514,Ionesti,257963.0
2563,162327,Bacani,2970695.0
2564,154139,Seaca,0.0
2565,72221,Dranic,98309.0
2566,31262,Suplacu De Barcau,321556.0
2567,55838,Baciu,49291983.0
2568,129567,Traian,0.0
2569,137764,Halmeu,464182.0
2570,64041,Bradut,18011214.0
2571,80427,Godinesti,0.0
2572,121386,Bira,41296.0
2573,145961,Valea Viilor,5574824.0
2574,96815,Deleni,0.0
2575,129585,Tufeni,0.0
2576,154166,Sfintesti,1178085.0
2577,113206,Pristol,0.0
2578,178750,Vrancioaia,0.0
2579,105026,Sinesti,5640928.0
2580,88644,Bretea Romana,351647.0
2581,14922,Bughea De Jos,329893.0
2582,154184,Segarcea-Vale,0.0
2583,145998,Vurpar,311112.0
2584,162381,Bacesti,47284.0
2585,113233,Prunisor,0.0
2586,72276,Farcas,0.0
2587,23127,Izvoru Berheciului,0.0
2588,14940,Buzoesti,4545717.0
2589,129629,Urzica,87879.0
2590,146012,Alma,293066.0
2591,64096,Bretcu,5057708.0
2592,31333,Simian,126517.0
2593,146021,Boita,21380.0
2594,6761,Rosia Montana,1090648.0
2595,39532,Unteni,0.0
2596,55918,Baisoara,150789.0
2597,137844,Hodod,1117713.0
2598,154228,Silistea,49254.0
2599,170612,Lalosu,13285.0
2600,96888,Dobrovat,0.0
2601,129656,Valea Mare,180765.0
2602,80506,Hurezani,44618.0
2603,121466,Bargauani,105827.0
2604,64130,Catalina,1471493.0
2605,178821,Vulturu,1742224.0
2606,96904,Dolhesti,0.0
2607,31379,Sinteu,0.0
2608,105106,Singureni,0.0
2609,162452,Balteni,0.0
2610,47774,Movila Banului,1529595.0
2611,23207,Lipova,0.0
2612,154282,Silistea-Gumesti,0.0
2613,137899,Homoroade,0.0
2614,96940,Dumesti,22765.0
2615,80560,Ionesti,896619.0
2616,105142,Slobozia Moara,126565.0
2617,129718,Vadastra,0.0
2618,39612,Vaculesti,0.0
2619,31422,Soimi,0.0
2620,72383,Galicea Mare,0.0
2621,170685,Ladesti,0.0
2622,162498,Berezeni,475436.0
2623,64194,Cernat,170149.0
2624,154308,Sarbeni,0.0
2625,178885,Negrilesti,0.0
2626,105160,Snagov,62069543.0
2627,47818,Murgesti,0.0
2628,178894,Ploscuteni,0.0
2629,56014,Belis,802773.0
2630,129745,Vadastrita,0.0
2631,88788,Buces,1595529.0
2632,178901,Popesti,216954.0
2633,15064,Caldararu,1000.0
2634,72409,Ghercesti,29645131.0
2635,178910,Paulesti,394718.0
2636,129763,Valeni,203665.0
2637,80613,Jupanesti,0.0
2638,39658,Viisoara,0.0
2639,137960,Lazuri,120234.0
2640,154344,Slobozia Mandra,0.0
2641,47854,Naeni,4829877.0
2642,64238,Chichis,141457.0
2643,97009,Erbiceni,66048.0
2644,113395,Punghina,0.0
2645,178929,Biliesti,416103.0
2646,178938,Gologanu,122732.0
2647,23289,Livezi,983925.0
2648,162559,Blagesti,0.0
2649,178947,Obrejita,0.0
2650,15108,Calinesti,91958878.0
2651,121607,Bodesti,212563.0
2652,105222,Sohatu,0.0
2653,64265,Dobarlau,0.0
2654,39694,Varfu Campului,0.0
2655,72463,Gighera,106943.0
2656,154380,Smardioasa,27752.0
2657,178956,Rastoaca,1408842.0
2658,6930,Rosia De Secas,489022.0
2659,31510,Suncuius,28420473.0
2660,178965,Spulber,87724.0
2661,129816,Verguleasa,0.0
2662,56096,Bobalna,242.0
2663,162595,Bogdana,0.0
2664,80677,Lelesti,221799.0
2665,88868,Bucuresci,87798.0
2666,97063,Focuri,127288.0
2667,105259,Spantov,0.0
2668,170792,Lapusata,90298.0
2669,47916,Oras Nehoiu,91510840.0
2670,154415,Stejaru,240468.0
2671,121652,Borca,35883669.0
2672,138039,Oras Livada,7442314.0
2673,23350,Luizi-Calugara,617112.0
2674,39738,Vladeni,472264.0
2675,72506,Giubega,456916.0
2676,113466,Rogova,0.0
2677,64318,Ghelinta,18462058.0
2678,6976,Salciua,1069738.0
2679,97090,Golaiesti,113440.0
2680,80711,Licurici,0.0
2681,31565,Tarcea,471275.0
2682,105295,Stanesti,0.0
2683,72533,Giurgita,0.0
2684,113493,Salcia,67069.0
2685,146263,Municipiul Suceava,615465475.0
2686,64345,Ghidfalau,5949430.0
2687,88920,Bulzestii De Sus,0.0
2688,23387,Magiresti,535989.0
2689,154460,Suhaia,0.0
2690,138084,Mediesu Aurit,63542872.0
2691,129898,Visina,37869.0
2692,146281,Ipotesti,5526867.0
2693,113518,Stangaceaua,0.0
2694,39792,Vlasinesti,42961908.0
2695,31609,Tarcaia,2811337.0
2696,170872,Livezi,0.0
2697,129914,Vitomiresti,238814.0
2698,80766,Logresti,0.0
2699,15233,Cateasca,54806448.0
2700,72579,Gangiova,0.0
2701,154497,Storobaneasa,646110.0
2702,7044,Salistea,326638.0
2703,105348,Stoenesti,0.0
2704,121732,Borlesti,537833.0
2705,64390,Haghig,0.0
2706,162693,Bogdanesti,0.0
2707,56210,Bontida,80643777.0
2708,48021,Odaile,0.0
2709,146325,Mitocu Dragomirnei,5355564.0
2710,23449,Manastirea Casin,1655704.0
2711,154521,Talpa,0.0
2712,39836,Vorniceni,16081.0
2713,72604,Gogosu,0.0
2714,97189,Gorban,5781.0
2715,31654,Tauteu,798097.0
2716,105384,Soldanu,186118.0
2717,64425,Ilieni,16088616.0
2718,138164,Micula,1038146.0
2719,7099,Sasciori,51977807.0
2720,179132,Municipiul Bucuresti,57814233194.0
2721,39872,Vorona,2196856.0
2722,146370,Oras Salcea,3300746.0
2723,72640,Goicea,649881.0
2724,129987,Valcele,0.0
2725,89026,Bunila,0.0
2726,121796,Botesti,225943.0
2727,23494,Motoseni,215650.0
2728,113607,Svinita,536695.0
2729,56265,Borsa,0.0
2730,105419,Stefanestii De Jos,129002635.0
2731,170952,Lungesti,44259.0
2732,64461,Lemnia,47585598.0
2733,80846,Matasari,1016916.0
2734,15313,Cepari,0.0
2735,97241,Grajduri,0.0
2736,113625,Sisesti,0.0
2737,154585,Tatarastii De Jos,7894463.0
2738,138208,Moftin,141584.0
2739,31716,Tileagd,15431880.0
2740,72677,Goiesti,0.0
2741,162791,Bogdanita,0.0
2742,130026,Vladila,-34611.0
2743,105455,Tamadau Mare,0.0
2744,64504,Malnas,36340.0
2745,89080,Burjuc,0.0
2746,146432,Scheia,144235200.0
2747,39942,Lozna,370266.0
2748,56327,Buza,0.0
2749,48138,Padina,233305.0
2750,80908,Musetesti,6837043.0
2751,130062,Voineasa,0.0
2752,171021,Malaia,3023754.0
2753,121876,Bozieni,44900.0
2754,39959,Dimacheni,0.0
2755,179221,Oras Bragadiru,273870336.0
2756,7197,Scarisoara,0.0
2757,39967,Candesti,142941.0
2758,56354,Caianu,0.0
2759,113698,Sovarna,0.0
2760,48165,Pardosi,0.0
2761,39975,Cosula,0.0
2762,97321,Gropnita,721760.0
2763,15402,Cetateni,2597925.0
2764,138280,Odoreu,27678264.0
2765,154665,Tatarastii De Sus,0.0
2766,31789,Tinca,20345682.0
2767,39983,Blandesti,0.0
2768,179249,Chiajna,19919396.0
2769,162871,Botesti,0.0
2770,64568,Moacsa,0.0
2771,171067,Mateesti,7127240.0
2772,89151,Cerbal,116764.0
2773,105534,Tartasesti,38391993.0
2774,146502,Municipiul Campulung Moldovenesc,94509476.0
2775,113732,Tamna,2452.0
2776,130124,Vulpeni,197824.0
2777,121938,Brusturi,8206117.0
2778,80980,Negomir,0.0
2779,154709,Toporu,0.0
2780,179285,Oras Chitila,179562512.0
2781,15448,Cicanesti,0.0
2782,64602,Ojdula,5357268.0
2783,23644,Negri,0.0
2784,171101,Maciuca,0.0
2785,31841,Tulca,348324.0
2786,40035,Adaseni,0.0
2787,48227,Panatau,23433555.0
2788,105570,Tunari,299244724.0
2789,56425,Calarasi,57848.0
2790,146539,Municipiul Falticeni,119104063.0
2791,179310,Dobroesti,40687883.0
2792,138351,Orasu Nou,14417215.0
2793,162924,Bunesti-Averesti,4673.0
2794,72819,Grecesti,0.0
2795,154736,Traian,0.0
2796,97394,Grozesti,0.0
2797,64639,Ozun,9058208.0
2798,154754,Trivalea-Mosteni,0.0
2799,105605,Ulmeni,514275.0
2800,15493,Ciofrangeni,121006.0
2801,31878,Tetchea,1850604.0
2802,56461,Calatele,2813525.0
2803,179347,Glina,61267698.0
2804,105623,Ulmi,0.0
2805,89240,Certeju De Sus,0.0
2806,146584,Oras Gura Humorului,86478715.0
2807,97438,Halaucesti,446465.0
2808,23715,Nicolae Balcescu,50954750.0
2809,154790,Troianul,0.0
2810,122025,Ceahlau,6457350.0
2811,31921,Uileacu De Beius,80022.0
2812,72882,Izvoare,0.0
2813,7348,Sancel,361276.0
2814,179383,Jilava,144853334.0
2815,130231,Vulturesti,0.0
2816,97465,Helesteni,1244493.0
2817,113849,Vanatori,80129.0
2818,163002,Codaesti,113323.0
2819,138431,Paulesti,4419859.0
2820,15554,Ciomagesti,0.0
2821,48325,Oras Patarlagele,11741189.0
2822,81095,Pades,434002.0
2823,146628,Municipiul Radauti,1771081904.0
2824,56522,Camarasu,0.0
2825,171209,Madulari,0.0
2826,122061,Candesti,7535455.0
2827,64719,Poian,288635.0
2828,154834,Tiganesti,327060.0
2829,179409,Oras Magurele,59293663.0
2830,7384,Santimbru,12112646.0
2831,146655,Oras Siret,15154103.0
2832,72926,Leu,101237.0
2833,154852,Vedea,12815.0
2834,113894,Vanjulet,0.0
2835,31976,Vadu Crisului,2730146.0
2836,97517,Horlesti,0.0
2837,130286,Balteni,0.0
2838,105712,Valea Argovei,2434881.0
2839,163057,Coroiesti,0.0
2840,23797,Oituz,717309.0
2841,130295,Calui,432824.0
2842,56568,Capusu Mare,4212558.0
2843,72953,Lipovu,0.0
2844,130302,Gavanesti,0.0
2845,64773,Reci,506140.0
2846,89348,Densus,0.0
2847,179463,Mogosoaia,91897652.0
2848,40198,Municipiul Brasov,5916029561.0
2849,130311,Ghimpeteni,0.0
2850,138501,Petresti,169635.0
2851,113929,Vladaia,376745.0
2852,171272,Maldaresti,1740454.0
2853,97553,Ipatele,0.0
2854,130320,Gradinile,351068.0
2855,72980,Macesu De Jos,3648.0
2856,122132,Costisa,11067726.0
2857,7446,Sohodol,970845.0
2858,40214,Oras Ghimbav,2614524095.0
2859,146708,Oras Solca,1813200.0
2860,32027,Oras Valea Lui Mihai,581244830.0
2861,179481,Oras Otopeni,714882401.0
2862,154914,Viisoara,0.0
2863,81184,Pestisani,5193177.0
2864,130339,Gura Padinii,8220.0
2865,15652,Cocu,55471.0
2866,138538,Pir,0.0
2867,32045,Viisoara,0.0
2868,130348,Ipotesti,0.0
2869,40241,Municipiul Codlea,467836679.0
2870,105776,Valea Dragului,0.0
2871,73013,Macesu De Sus,350522.0
2872,130357,Osica De Jos,0.0
2873,154932,Vartoape,0.0
2874,113974,Voloiac,0.0
2875,179515,Oras Pantelimon,854517589.0
2876,64826,Sanzieni,6075361.0
2877,146744,Municipiul Vatra Dornei,157000261.0
2878,23868,Oncesti,0.0
2879,130366,Sarbii - Magura,964647.0
2880,171325,Mihaesti,41755193.0
2881,105794,Valea Macrisului,0.0
2882,163137,Costesti,258451.0
2883,73031,Maglavit,1295771.0
2884,130375,Visina Noua,0.0
2885,97606,Lespezi,2813435.0
2886,122187,Cracaoani,4258137.0
2887,138574,Piscolt,1796072.0
2888,179533,Oras Popesti Leordeni,435513186.0
2889,130384,Soparlita,7425.0
2890,89428,Dobra,735869.0
2891,40278,Municipiul Fagaras,133195435.0
2892,32090,Varciorog,35189.0
2893,56666,Caseiu,3824293.0
2894,179551,Oras Voluntari,2631523117.0
2895,154978,Zambreasca,0.0
2896,105829,Vasilati,0.0
2897,48487,Pietroasele,10029513.0
2898,64871,Turia,3259636.0
2899,73068,Malu Mare,74215007.0
2900,146799,Adancata,566424.0
2901,40303,Oras Predeal,1411202.0
2902,81264,Plopsoru,380575.0
2903,154996,Nenciulesti,0.0
2904,138618,Pomi,649450.0
2905,15741,Corbeni,1093085.0
2906,179588,Copaceni,707210.0
2907,122249,Damuc,19418524.0
2908,64906,Valea Crisului,45582.0
2909,163208,Cretesti,232883.0
2910,23948,Orbeni,175434.0
2911,114060,Branistea,0.0
2912,97679,Letcani,75260996.0
2913,73102,Melinesti,264103.0
2914,105874,Varasti,2255815.0
2915,179604,Poienile Izei,0.0
2916,32153,Tamaseu,1224604.0
2917,114079,Vrata,0.0
2918,179613,Sieu,290281.0
2919,32161,Paleu,20378677.0
2920,179622,Grosii Tiblesului,606063.0
2921,138663,Sanislau,6041335.0
2922,23975,Palanca,502378.0
2923,122285,Dobreni,1565498.0
2924,48557,Parscov,23552419.0
2925,179631,Treznea,418511.0
2926,64942,Valcele,16846419.0
2927,146860,Arbore,2182703.0
2928,40367,Oras Rasnov,26966722.0
2929,32179,Sannicolau Roman,25.0
2930,105909,Vedea,0.0
2931,163253,Danesti,10560.0
2932,179640,Vulcana-Pandele,541844.0
2933,32187,Rosiori,73153.0
2934,97722,Lungani,14752.0
2935,32195,Gepiu,44510245.0
2936,56773,Catina,1553639.0
2937,32201,Toboliu,838658.0
2938,179659,Negrilesti,6694.0
2939,155083,Beciu,4250.0
2940,40394,Oras Rupea,7577955.0
2941,171469,Milcoiu,0.0
2942,105936,Vidra,27305249.0
2943,15830,Corbi,4272557.0
2944,155092,Beuca,0.0
2945,89561,Oras Geoagiu,8380549.0
2946,146904,Baia,4349198.0
2947,179677,Camin,2206449.0
2948,24034,Parava,0.0
2949,179686,Dumitrita,159540.0
2950,64997,Varghis,0.0
2951,81380,Polovragi,82383.0
2952,130534,Municipiul Ploiesti,3476763061.0
2953,155109,Dracea,2665301.0
2954,122347,Doljesti,6229400.0
2955,138734,Santau,40694.0
2956,155118,Fantanele,0.0
2957,179695,Simisna,0.0
2958,97777,Madarjac,147966.0
2959,146931,Oras Milisauti,901872.0
2960,65011,Zagon,5377797.0
2961,179702,Traian,0.0
2962,105972,Vanatorii Mici,414740.0
2963,155127,Frasinet,52500.0
2964,40438,Municipiul Sacele,187152548.0
2965,130552,Barcanesti,4622168.0
2966,179711,Vladeni,29603.0
2967,163324,Deleni,0.0
2968,155136,Purani,0.0
2969,81415,Prigoria,79170.0
2970,179720,Poiana Ilvei,45000.0
2971,155145,Saelele,0.0
2972,56844,Ceanu Mare,201504.0
2973,138770,Sacaseni,0.0
2974,155154,Uda-Clocociov,0.0
2975,40465,Oras Victoria,297769351.0
2976,171539,Muereasca,407618.0
2977,97811,Mircesti,1066098.0
2978,65048,Zabala,14839820.0
2979,24089,Parincea,7402867.0
2980,179739,Malu,0.0
2981,122392,Dragomiresti,2001913.0
2982,15901,Cosesti,54061040.0
2983,73246,Mischii,642888.0
2984,179748,Cosoba,0.0
2985,48682,Podgoria,8590992.0
2986,40492,Oras Zarnesti,241995626.0
2987,179757,Herasti,1961499.0
2988,146995,Balcauti,837608.0
2989,163379,Delesti,41374.0
2990,179766,Isvoarele,0.0
2991,130614,Berceni,16427713.0
2992,138805,Sauca,0.0
2993,179775,Sabareni,268836.0
2994,179784,Boranesti,0.0
2995,65099,Valea Mare,0.0
2996,40526,Apata,4981097.0
2997,65105,Mereni,0.0
2998,97875,Mironeasa,0.0
2999,179793,Buesti,0.0
3000,89687,Gurasada,9998.0
3001,7767,Stremt,2008847.0
3002,81497,Rosia De Amaradia,0.0
3003,65113,Arcus,11192746.0
3004,179800,Maia,0.0
3005,122463,Dulcesti,384604.0
3006,147036,Bilca,3629263.0
3007,40544,Beclean,6700.0
3008,65121,Bixad,2561894.0
3009,73317,Marsani,0.0
3010,48744,Oras Pogoanele,17257724.0
3011,179819,Ograda,0.0
3012,155243,Municipiul Timisoara,10725440948.0
3013,147054,Bogdanesti,26282462.0
3014,171628,Nicolae Balcescu,0.0
3015,15983,Cotmeana,251257.0
3016,65139,Micfalau,0.0
3017,73335,Motatei,0.0
3018,179828,Rosiori,0.0
3019,130678,Blejoi,102855414.0
3020,138869,Socond,0.0
3021,24187,Pancesti,44626.0
3022,65147,Dalnic,500.0
3023,97919,Miroslava,1610475635.0
3024,179837,Coas,434336.0
3025,155261,Dumbravita,168941370.0
3026,7810,Sibot,466006.0
3027,65154,Estelnic,22477951.0
3028,147072,Boroaia,13209169.0
3029,48771,Posta Calnau,189920250.0
3030,179846,Coltau,1958034.0
3031,32394,Municipiul Bistrita,2247808742.0
3032,179855,Gardani,0.0
3033,114319,Municipiul Targu Mures,8481051031.0
3034,130712,Brazi,45450135.0
3035,73371,Murgasi,101096.0
3036,179864,Oncesti,4957819.0
3037,155289,Ghiroda,1919741301.0
3038,56988,Chinteni,176445.0
3039,163486,Dragomiresti,0.0
3040,40606,Bod,122498247.0
3041,179873,Agris,83040.0
3042,179882,Ciumesti,865482.0
3043,81576,Runcu,514472.0
3044,138921,Supur,9116.0
3045,155314,Giroc,393371852.0
3046,179891,Raciu,3946928.0
3047,114355,Cristesti,4805919.0
3048,122551,Farcasa,7086146.0
3049,7865,Sona,3374083.0
3050,40633,Bran,814466.0
3051,147134,Bosanci,1108804.0
3052,179908,Pietrari,21021706.0
3053,89801,Harau,25994120.0
3054,48842,Puiesti,406848.0
3055,179917,Rau Alb,0.0
3056,114382,Sancraiu De Mures,117566204.0
3057,24276,Pargaresti,415786.0
3058,179926,Rascaeti,0.0
3059,155350,Municipiul Lugoj,730108586.0
3060,147161,Botosana,0.0
3061,179935,Persinari,1426490.0
3062,130785,Bucov,130031785.0
3063,32483,Oras Beclean,301584844.0
3064,179944,Runcu Salvei,0.0
3065,40688,Budila,90584.0
3066,114417,Sangeorgiu De Mures,47781117.0
3067,179953,Ciceu- Mihaiesti,47085.0
3068,122613,Faurei,0.0
3069,73460,Negoi,0.0
3070,179962,Galbinasi,353828.0
3071,81656,Samarinesti,0.0
3072,57083,Chiuiesti,1518757.0
3073,40704,Bunesti,121513.0
3074,89856,Ilia,263111.0
3075,179971,Colelia,2035.0
3076,98051,Miroslovesti,126042.0
3077,139009,Tarna Mare,3433.0
3078,16132,Cuca,0.0
3079,147205,Breaza,1680.0
3080,7945,Spring,570563.0
3081,155403,Oras Buzias,146224229.0
3082,179980,Marculesti,8972.0
3083,24338,Parjol,17948.0
3084,114453,Santana De Mures,36476265.0
3085,48922,Racoviteni,0.0
3086,171806,Olanu,0.0
3087,179999,Moldoveni,0.0
3088,73503,Orodel,959044.0
3089,130847,Paulesti,303316164.0
3090,32544,Oras Nasaud,142738597.0
3091,163618,Dranceni,2402943.0
3092,180000,Platonesti,35697.0
3093,147241,Brodina,53078123.0
3094,139054,Terebesti,0.0
3095,122668,Gheraesti,434389.0
3096,180019,Sarateni,0.0
3097,65342,Municipiul Targoviste,1632082391.0
3098,180028,Porumbesti,163353.0
3099,40768,Cata,0.0
3100,98113,Mogosesti,0.0
3101,155458,Oras Deta,98362818.0
3102,180037,Boghis,0.0
3103,48968,Ramnicelu,342808.0
3104,57163,Ciucea,1848908.0
3105,180046,Gura Ialomitei,76837.0
3106,130892,Targsoru Vechi,9883542.0
3107,8014,Sugag,509197.0
3108,106318,Municipiul Baia Mare,1918236089.0
3109,122702,Girov,2609716.0
3110,114514,Municipiul Sighisoara,474923185.0
3111,180055,Crivat,36578501.0
3112,32599,Oras Sangeorz-Bai,14265065.0
3113,81754,Sacelu,0.0
3114,73567,Ostroveni,1339726.0
3115,139107,Tiream,320048.0
3116,180064,Barbulesti,0.0
3117,65379,Aninoasa,61941799.0
3118,89954,Lapugiu De Jos,91693.0
3119,163681,Duda-Epureni,119500.0
3120,155494,Oras Jimbolia,677213053.0
3121,171879,Orlesti,4612730.0
3122,24427,Plopana,581700.0
3123,40820,Cincu,1281792.0
3124,32633,Bistrita Bargaului,8351221.0
3125,98168,Mogosesti-Siret,0.0
3126,180091,Racsa,269155.0
3127,106363,Grosi,2954857.0
3128,49019,Robeasca,30919.0
3129,73594,Perisor,0.0
3130,65413,Doicesti,77534501.0
3131,139143,Tarsolt,0.0
3132,57225,Ciurila,273823.0
3133,155528,Oras Sannicolau Mare,1396148808.0
3134,130954,Oras Azuga,9297030.0
3135,32660,Branistea,1629486.0
3136,163734,Dumesti,0.0
3137,49046,Rusetu,1913001.0
3138,65431,Razvad,5160702.0
3139,155546,Balint,0.0
3140,40857,Comana,142692.0
3141,81816,Saulesti,1241116.0
3142,171931,Otesani,233033.0
3143,98202,Mosna,0.0
3144,73629,Pielesti,2491095.0
3145,147358,Oras Brosteni,25847255.0
3146,16285,Davidesti,0.0
3147,8096,Oras Teius,9739980.0
3148,139170,Turt,83229.0
3149,130981,Oras Baicoi,164341206.0
3150,106407,Recea,52824704.0
3151,114603,Albesti,11308641.0
3152,98220,Motca,834252.0
3153,49073,Sageata,492908.0
3154,32704,Budacu De Jos,791594.0
3155,73665,Piscu Vechi,0.0
3156,40900,Cristian,1808142785.0
3157,81861,Scoarta,418937.0
3158,65477,Sotanga,85564094.0
3159,155591,Banloc,0.0
3160,16329,Dambovicioara,6033371.0
3161,24524,Podu Turcului,1882515.0
3162,139214,Turulung,1157339.0
3163,122828,Garcina,5191733.0
3164,163789,Epureni,144162.0
3165,98257,Movileni,0.0
3166,90066,Lelese,0.0
3167,171995,Pausesti,74622014.0
3168,106461,Oras Tautii-Magheraus,35715185.0
3169,65501,Ulmi,33836687.0
3170,8158,Unirea,12353380.0
3171,40928,Dumbravita,1197374.0
3172,57314,Catcau,1930484.0
3173,73709,Plenita,852894.0
3174,16365,Darmanesti,218925412.0
3175,139250,Urziceni,2000.0
3176,122864,Grinties,13268747.0
3177,163832,Falciu,27420.0
3178,40955,Feldioara,239886563.0
3179,131069,Oras Boldesti-Scaeni,24282762.0
3180,98300,Oteleni,859303.0
